chr1	1258545	T	C	GT:AD:AF:DP:F1R2:F2R1:FAD:SB	0/1:9,2:0.25:11:0,0:5,1:5,1:5,4,1,1/AF
chr1	3197555	C	CAA	GT:AD:AF:DP:F1R2:F2R1:FAD:PGT:PID:PS:SB	0|1:0,23:0.961:23:0,15:0,0:0,23:0|1:3197555_C_CAA:3197555:0,0,0,23/AF
chr1	3197556	GGT	G	GT:AD:AF:DP:F1R2:F2R1:FAD:PGT:PID:PS:SB	0|1:0,23:0.961:23:0,15:0,0:0,23:0|1:3197555_C_CAA:3197555:0,0,0,23/AF
chr1	36801614	G	A	GT:AD:AF:DP:F1R2:F2R1:FAD:SB	0/1:9,2:0.25:11:4,1:0,0:5,1:4,5,1,1/AF
chr1	82288841	A	G	GT:AD:AF:DP:F1R2:F2R1:FAD:SB	0/1:0,15:0.917:15:0,10:0,0:0,10:0,0,5,10/AF
chr1	114709199	G	A	GT:AD:AF:DP:F1R2:F2R1:FAD:SB	0/1:33,22:0.401:55:24,18:9,3:33,22:24,9,19,3/AF
chr1	114709988	G	C	GT:AD:AF:DP:F1R2:F2R1:FAD:SB	0/1:0,112:0.991:112:0,0:0,112:0,112:0,0,0,112/AF
chr1	114713997	AG	A	GT:AD:AF:DP:F1R2:F2R1:FAD:PGT:PID:PS:SB	0|1:205,3:0.013:208:120,1:31,0:201,2:0|1:114713997_AG_A:114713997:53,152,1,2/AF
chr1	114714003	C	T	GT:AD:AF:DP:F1R2:F2R1:FAD:PGT:PID:PS:SB	0|1:213,3:0.013:216:142,1:56,0:209,2:0|1:114713997_AG_A:114713997:53,160,1,2/AF
chr1	114714048	G	A	GT:AD:AF:DP:F1R2:F2R1:FAD:SB	0/1:2,229:0.988:231:1,130:1,84:2,229:0,2,5,224/AF
chr1	159838338	T	C	GT:AD:AF:DP:F1R2:F2R1:FAD:SB	0/1:14,2:0.167:16:8,2:0,0:14,2:0,14,0,2/AF
chr1	160816880	A	G	GT:AD:AF:DP:F1R2:F2R1:FAD:SB	0/1:48,52:0.537:100:0,0:43,50:43,50:17,31,17,35/AF
chr1	160817267	C	T	GT:AD:AF:DP:F1R2:F2R1:FAD:SB	0/1:0,39:0.976:39:0,0:0,39:0,39:0,0,0,39/AF
chr1	162079131	TC	T	GT:AD:AF:DP:F1R2:F2R1:FAD:SB	0/1:6,5:0.463:11:4,5:0,0:6,5:0,6,0,5/AF
chr1	162079136	G	T	GT:AD:AF:DP:F1R2:F2R1:FAD:SB	0/1:0,11:0.923:11:0,8:0,0:0,11:0,0,0,11/AF
chr1	176831411	GGGATGTT	G	GT:AD:AF:DP:F1R2:F2R1:FAD:PGT:PID:PS:SB	0|1:0,11:0.925:11:0,9:0,0:0,11:0|1:176831411_GGGATGTT_G:176831411:0,0,0,11/AF
chr1	176831421	G	T	GT:AD:AF:DP:F1R2:F2R1:FAD:PGT:PID:PS:SB	0|1:0,11:0.923:11:0,9:0,0:0,11:0|1:176831411_GGGATGTT_G:176831411:0,0,0,11/AF
chr1	184241333	GC	G	GT:AD:AF:DP:F1R2:F2R1:FAD:PGT:PID:PS:SB	0|1:0,13:0.933:13:0,10:0,0:0,13:0|1:184241333_GC_G:184241333:0,0,0,13/AF
chr1	184241336	G	A	GT:AD:AF:DP:F1R2:F2R1:FAD:PGT:PID:PS:SB	0|1:0,13:0.933:13:0,10:0,0:0,13:0|1:184241333_GC_G:184241333:0,0,0,13/AF
chr1	204631360	C	A	GT:AD:AF:DP:F1R2:F2R1:FAD:SB	0/1:0,12:0.93:12:0,0:0,12:0,12:0,0,1,11/AF
chr1	204631591	A	G	GT:AD:AF:DP:F1R2:F2R1:FAD:SB	0/1:7,17:0.693:24:0,0:7,17:7,17:0,7,0,17/AF
chr1	204631634	T	C	GT:AD:AF:DP:F1R2:F2R1:FAD:SB	0/1:41,2:0.066:43:0,0:41,2:41,2:0,41,0,2/AF
chr1	247635610	G	T	GT:AD:AF:DP:F1R2:F2R1:FAD:PGT:PID:PS:SB	0|1:0,22:0.958:22:0,22:0,0:0,22:0|1:247635610_G_T:247635610:0,0,0,22/AF
chr1	247635616	G	A	GT:AD:AF:DP:F1R2:F2R1:FAD:PGT:PID:PS:SB	0|1:0,22:0.958:22:0,22:0,0:0,22:0|1:247635610_G_T:247635610:0,0,0,22/AF
chr10	1626915	C	T	GT:AD:AF:DP:F1R2:F2R1:FAD:SB	0/1:16,10:0.393:26:0,0:16,10:16,10:0,16,0,10/AF
chr10	1694784	AG	TA	GT:AD:AF:DP:F1R2:F2R1:FAD:PGT:PID:PS:SB	0|1:0,12:0.929:12:0,12:0,0:0,12:0|1:1694784_AG_TA:1694784:0,0,0,12/AF
chr10	1694787	C	T	GT:AD:AF:DP:F1R2:F2R1:FAD:PGT:PID:PS:SB	0|1:0,12:0.929:12:0,12:0,0:0,12:0|1:1694784_AG_TA:1694784:0,0,0,12/AF
chr10	9391753	CA	C	GT:AD:AF:DP:F1R2:F2R1:FAD:SB	0/1:1,11:0.854:12:1,7:0,0:1,11:0,1,0,11/AF
chr10	9391892	T	TTAGGAG	GT:AD:AF:DP:F1R2:F2R1:FAD:SB	0/1:0,13:0.933:13:0,11:0,0:0,13:0,0,0,13/AF
chr10	12937108	CT	C,CTT,CTTTT	GT:AD:AF:DP:F1R2:F2R1:FAD:SB	0/1/2/3:2,2,4,5:0.216,0.361,0.286:13:0,0,0,0:1,2,4,3:1,2,4,3:1,1,9,2/AF
chr10	16828998	C	A	GT:AD:AF:DP:F1R2:F2R1:FAD:PGT:PID:PS:SB	0|1:0,11:0.909:11:0,0:0,8:0,9:0|1:16828998_C_A:16828998:0,0,9,2/AF
chr10	16829008	A	T	GT:AD:AF:DP:F1R2:F2R1:FAD:PGT:PID:PS:SB	0|1:0,11:0.909:11:0,0:0,9:0,9:0|1:16828998_C_A:16828998:0,0,9,2/AF
chr10	23810108	A	T	GT:AD:AF:DP:F1R2:F2R1:FAD:PGT:PID:PS:SB	0|1:0,26:0.958:26:0,0:0,21:0,22:0|1:23810108_A_T:23810108:0,0,22,4/AF
chr10	23810112	G	A	GT:AD:AF:DP:F1R2:F2R1:FAD:PGT:PID:PS:SB	0|1:1,26:0.916:27:0,0:1,19:1,21:0|1:23810108_A_T:23810108:1,0,21,5/AF
chr10	27100268	T	C	GT:AD:AF:DP:F1R2:F2R1:FAD:SB	0/1:0,48:0.98:48:0,45:0,2:0,48:0,0,45,3/AF
chr10	27100619	C	T	GT:AD:AF:DP:F1R2:F2R1:FAD:SB	0/1:0,48:0.98:48:0,0:0,47:0,48:0,0,0,48/AF
chr10	69289560	C	G	GT:AD:AF:DP:F1R2:F2R1:FAD:PGT:PID:PS:SB	0|1:6,7:0.5:13:4,6:0,0:6,6:0|1:69289560_C_G:69289560:0,6,1,6/AF
chr10	69289566	G	T	GT:AD:AF:DP:F1R2:F2R1:FAD:PGT:PID:PS:SB	0|1:0,13:0.929:13:0,9:0,0:0,12:0|1:69289560_C_G:69289560:0,0,1,12/AF
chr10	69289575	G	T	GT:AD:AF:DP:F1R2:F2R1:FAD:PGT:PID:PS:SB	0|1:0,12:0.929:12:0,9:0,0:0,12:0|1:69289560_C_G:69289560:0,0,0,12/AF
chr10	69289586	CT	C	GT:AD:AF:DP:F1R2:F2R1:FAD:PGT:PID:PS:SB	1|0:6,6:0.5:12:5,3:0,0:6,6:1|0:69289560_C_G:69289560:0,6,0,6/AF
chr10	80667377	T	C	GT:AD:AF:DP:F1R2:F2R1:FAD:SB	0/1:9,2:0.2:11:0,0:7,1:7,1:7,2,1,1/AF
chr10	87863959	G	A	GT:AD:AF:DP:F1R2:F2R1:FAD:SB	0/1:1,14:0.884:15:1,14:0,0:1,14:1,0,14,0/AF
chr10	87864103	CT	C	GT:AD:AF:DP:F1R2:F2R1:FAD:SB	0/1:0,16:0.948:16:0,16:0,0:0,16:0,0,16,0/AF
chr10	87864144	G	C	GT:AD:AF:DP:F1R2:F2R1:FAD:SB	0/1:0,58:0.983:58:0,56:0,1:0,58:0,0,57,1/AF
chr10	87893929	A	G	GT:AD:AF:DP:F1R2:F2R1:FAD:SB	0/1:0,207:0.995:207:0,108:0,94:0,204:0,0,175,32/AF
chr10	87925886	T	C	GT:AD:AF:DP:F1R2:F2R1:FAD:SB	0/1:0,67:0.986:67:0,0:0,67:0,67:0,0,0,67/AF
chr10	87931195	T	TTTATC	GT:AD:AF:DP:F1R2:F2R1:FAD:SB	0/1:0,49:0.981:49:0,0:0,45:0,49:0,0,0,49/AF
chr10	87952716	G	A	GT:AD:AF:DP:F1R2:F2R1:FAD:SB	0/1:0,28:0.967:28:0,0:0,28:0,28:0,0,0,28/AF
chr10	87961150	T	G	GT:AD:AF:DP:F1R2:F2R1:FAD:SB	0/1:86,309:0.841:395:50,81:0,191:51,274:36,50,39,270/AF
chr10	87961337	C	T	GT:AD:AF:DP:F1R2:F2R1:FAD:SB	0/1:0,138:0.993:138:0,0:0,136:0,138:0,0,0,138/AF
chr10	87961655	C	T	GT:AD:AF:DP:F1R2:F2R1:FAD:SB	0/1:0,21:0.957:21:0,0:0,21:0,21:0,0,0,21/AF
chr10	87965473	A	AT	GT:AD:AF:DP:F1R2:F2R1:FAD:SB	0/1:194,11:0.049:205:162,8:1,0:185,10:44,150,1,10/AF
chr10	87965536	CTT	C,CT,CTTT	GT:AD:AF:DP:F1R2:F2R1:FAD:SB	0/1/2/3:121,39,68,27:0.147,0.264,0.1:255:88,27,46,18:17,1,10,4:120,39,68,26:3,118,3,131/AF
chr10	110582355	CTTGTAG	C	GT:AD:AF:DP:F1R2:F2R1:FAD:SB	0/1:0,34:0.974:34:0,34:0,0:0,34:0,0,34,0/AF
chr10	110582607	A	C	GT:AD:AF:DP:F1R2:F2R1:FAD:SB	0/1:171,81:0.246:252:56,10:100,0:170,77:8,163,81,0/AF
chr10	110582931	GT	G	GT:AD:AF:DP:F1R2:F2R1:FAD:SB	0/1:5,13:0.697:18:0,0:4,9:5,13:0,5,0,13/AF
chr10	110596573	G	A	GT:AD:AF:DP:F1R2:F2R1:FAD:SB	0/1:1,332:0.996:333:1,152:0,111:1,264:0,1,85,247/AF
chr10	110596862	GT	G	GT:AD:AF:DP:F1R2:F2R1:FAD:SB	0/1:12,5:0.305:17:0,0:9,3:12,5:0,12,0,5/AF
chr10	110596891	G	A	GT:AD:AF:DP:F1R2:F2R1:FAD:SB	0/1:0,34:0.973:34:0,0:0,34:0,34:0,0,0,34/AF
chr10	110596949	T	C	GT:AD:AF:DP:F1R2:F2R1:FAD:SB	0/1:1,55:0.966:56:0,0:1,54:1,55:0,1,0,55/AF
chr10	110602112	A	G	GT:AD:AF:DP:F1R2:F2R1:FAD:SB	0/1:1,310:0.993:311:1,180:0,95:1,281:1,0,118,192/AF
chr10	110602261	G	T	GT:AD:AF:DP:F1R2:F2R1:FAD:SB	0/1:0,91:0.989:91:0,0:0,90:0,91:0,0,0,91/AF
chr10	116747244	G	A	GT:AD:AF:DP:F1R2:F2R1:FAD:SB	0/1:0,74:0.987:74:0,74:0,0:0,74:0,0,74,0/AF
chr10	116747388	G	A	GT:AD:AF:DP:F1R2:F2R1:FAD:SB	0/1:0,125:0.992:125:0,109:0,0:0,117:0,0,49,76/AF
chr11	3373135	A	C	GT:AD:AF:DP:F1R2:F2R1:FAD:SB	0/1:0,18:0.95:18:0,13:0,0:0,18:0,0,0,18/AF
chr11	3373189	G	GC	GT:AD:AF:DP:F1R2:F2R1:FAD:PGT:PID:PS:SB	0|1:0,17:0.948:17:0,11:0,0:0,17:0|1:3373189_G_GC:3373189:0,0,0,17/AF
chr11	3373193	AT	A	GT:AD:AF:DP:F1R2:F2R1:FAD:PGT:PID:PS:SB	0|1:0,17:0.947:17:0,12:0,0:0,17:0|1:3373189_G_GC:3373189:0,0,0,17/AF
chr11	5687278	A	G	GT:AD:AF:DP:F1R2:F2R1:FAD:SB	0/1:0,15:0.943:15:0,15:0,0:0,15:0,0,15,0/AF
chr11	5687307	T	C	GT:AD:AF:DP:F1R2:F2R1:FAD:SB	0/1:7,5:0.428:12:7,5:0,0:7,5:7,0,5,0/AF
chr11	5687798	C	T	GT:AD:AF:DP:F1R2:F2R1:FAD:SB	0/1:85,70:0.432:155:83,63:0,0:83,63:48,37,40,30/AF
chr11	15860675	A	G	GT:AD:AF:DP:F1R2:F2R1:FAD:SB	0/1:0,13:0.923:13:0,0:0,11:0,11:0,0,11,2/AF
chr11	32392972	TAAA	T,TAA,TAAAA	GT:AD:AF:DP:F1R2:F2R1:FAD:SB	0/1/2/3:13,4,8,5:0.143,0.277,0.165:30:0,0,0,0:13,4,8,4:13,4,8,5:0,13,0,17/AF
chr11	32396137	C	A	GT:AD:AF:DP:F1R2:F2R1:FAD:SB	0/1:14,30:0.674:44:14,30:0,0:14,30:14,0,30,0/AF
chr11	85936082	C	CTATCTAGAG	GT:AD:AF:DP:F1R2:F2R1:FAD:SB	0/1:0,12:0.93:12:0,7:0,0:0,12:0,0,0,12/AF
chr11	118436670	C	T	GT:AD:AF:DP:F1R2:F2R1:FAD:SB	0/1:63,123:0.663:186:33,79:14,25:54,105:33,30,74,49/AF
chr11	118480320	CT	C	GT:AD:AF:DP:F1R2:F2R1:FAD:SB	0/1:24,3:0.135:27:0,0:19,3:24,3:0,24,0,3/AF
chr11	118482322	GTT	G,GT	GT:AD:AF:DP:F1R2:F2R1:FAD:SB	0/1/2:24,5,15:0.118,0.345:44:12,3,7:9,2,7:24,5,15:12,12,10,10/AF
chr11	118482763	AAAAG	A	GT:AD:AF:DP:F1R2:F2R1:FAD:PGT:PID:PS:SB	0|1:34,9:0.191:43:0,0:31,6:34,9:0|1:118482763_AAAAG_A:118482763:0,34,0,9/AF
chr11	118482764	AAAG	A	GT:AD:AF:DP:F1R2:F2R1:FAD:PGT:PID:PS:SB	1|0:31,15:0.302:46:0,0:25,7:31,15:1|0:118482763_AAAAG_A:118482763:0,31,0,15/AF
chr11	118488446	G	A	GT:AD:AF:DP:F1R2:F2R1:FAD:SB	0/1:1,191:0.989:192:1,85:0,96:1,181:1,0,138,53/AF
chr11	118491699	T	C	GT:AD:AF:DP:F1R2:F2R1:FAD:SB	0/1:0,121:0.992:121:0,58:0,63:0,121:0,0,58,63/AF
chr11	118492154	T	C	GT:AD:AF:DP:F1R2:F2R1:FAD:SB	0/1:0,42:0.977:42:0,1:0,41:0,42:0,0,0,42/AF
chr11	118492703	G	A	GT:AD:AF:DP:F1R2:F2R1:FAD:PGT:PID:PS:SB	0|1:0,23:0.961:23:0,23:0,0:0,23:0|1:118492703_G_A:118492703:0,0,23,0/AF
chr11	118492709	A	C	GT:AD:AF:DP:F1R2:F2R1:FAD:PGT:PID:PS:SB	0|1:0,22:0.958:22:0,20:0,0:0,22:0|1:118492703_G_A:118492703:0,0,22,0/AF
chr11	118495164	AT	A	GT:AD:AF:DP:F1R2:F2R1:FAD:SB	0/1:14,7:0.341:21:0,0:13,7:14,7:0,14,0,7/AF
chr11	118495241	C	T	GT:AD:AF:DP:F1R2:F2R1:FAD:SB	0/1:0,38:0.975:38:0,0:0,38:0,38:0,0,0,38/AF
chr11	118498550	TAA	T,TA,TAAA,TAAAA	GT:AD:AF:DP:F1R2:F2R1:FAD:SB	0/1/2/3/4:16,7,13,22,6:0.103,0.206,0.346,0.092:64:5,3,6,11,2:11,4,7,11,4:16,7,13,22,6:5,11,22,26/AF
chr11	118501472	GAA	G,GA,GAAA	GT:AD:AF:DP:F1R2:F2R1:FAD:SB	0/1/2/3:14,3,5,3:0.127,0.219,0.136:25:13,3,4,3:1,0,1,0:14,3,5,3:13,1,10,1/AF
chr11	118509292	TA	T,TAA	GT:AD:AF:DP:F1R2:F2R1:FAD:SB	0/1/2:24,4,4:0.131,0.142:32:2,0,0:22,4,4:24,4,4:2,22,0,8/AF
chr11	118512105	GA	G	GT:AD:AF:DP:F1R2:F2R1:FAD:SB	0/1:40,4:0.107:44:3,0:34,4:40,4:2,38,0,4/AF
chr11	118522681	A	G	GT:AD:AF:DP:F1R2:F2R1:FAD:SB	0/1:0,14:0.937:14:0,0:0,14:0,14:0,0,0,14/AF
chr11	119273533	C	A	GT:AD:AF:DP:F1R2:F2R1:FAD:SB	0/1:9,11:0.545:20:9,11:0,0:9,11:9,0,11,0/AF
chr11	119273692	A	G	GT:AD:AF:DP:F1R2:F2R1:FAD:SB	0/1:1,52:0.964:53:1,52:0,0:1,52:1,0,52,0/AF
chr11	119274564	A	G	GT:AD:AF:DP:F1R2:F2R1:FAD:SB	0/1:25,51:0.667:76:20,41:5,10:25,51:20,5,41,10/AF
chr11	119274753	GT	G	GT:AD:AF:DP:F1R2:F2R1:FAD:SB	0/1:20,8:0.298:28:19,8:1,0:20,8:19,1,8,0/AF
chr11	119274995	G	GT	GT:AD:AF:DP:F1R2:F2R1:FAD:SB	0/1:20,22:0.513:42:0,0:20,20:20,22:0,20,0,22/AF
chr11	119277612	AT	A	GT:AD:AF:DP:F1R2:F2R1:FAD:SB	0/1:28,5:0.159:33:27,5:0,0:28,5:28,0,5,0/AF
chr11	119277863	G	T	GT:AD:AF:DP:F1R2:F2R1:FAD:SB	0/1:0,416:0.997:416:0,181:0,142:0,333:0,0,167,249/AF
chr11	119304985	T	C	GT:AD:AF:DP:F1R2:F2R1:FAD:PGT:PID:PS:SB	0|1:3,21:0.847:24:1,15:0,0:3,21:0|1:119304985_T_C:119304985:0,3,0,21/AF
chr11	119304993	G	C	GT:AD:AF:DP:F1R2:F2R1:FAD:PGT:PID:PS:SB	0|1:0,24:0.962:24:0,16:0,0:0,24:0|1:119304985_T_C:119304985:0,0,0,24/AF
chr11	119304995	T	C	GT:AD:AF:DP:F1R2:F2R1:FAD:PGT:PID:PS:SB	0|1:1,23:0.923:24:0,16:0,0:1,23:0|1:119304985_T_C:119304985:0,1,0,23/AF
chr11	126112681	G	T	GT:AD:AF:DP:F1R2:F2R1:FAD:SB	0/1:0,16:0.944:16:0,9:0,0:0,16:0,0,0,16/AF
chr11	131741314	G	GTCT	GT:AD:AF:DP:F1R2:F2R1:FAD:PGT:PID:PS:SB	0|1:0,11:0.923:11:0,6:0,0:0,11:0|1:131741314_G_GTCT:131741314:0,0,0,11/AF
chr11	131741317	T	G	GT:AD:AF:DP:F1R2:F2R1:FAD:PGT:PID:PS:SB	0|1:0,11:0.923:11:0,6:0,0:0,11:0|1:131741314_G_GTCT:131741314:0,0,0,11/AF
chr12	4299507	C	T	GT:AD:AF:DP:F1R2:F2R1:FAD:SB	0/1:23,13:0.368:36:23,13:0,0:23,13:23,0,13,0/AF
chr12	4300104	TA	T	GT:AD:AF:DP:F1R2:F2R1:FAD:SB	0/1:22,4:0.178:26:0,0:21,4:22,4:0,22,0,4/AF
chr12	11650286	A	C	GT:AD:AF:DP:F1R2:F2R1:FAD:PGT:PID:PS:SB	0|1:0,94:0.99:94:0,0:0,93:0,94:0|1:11650286_A_C:11650286:0,0,0,94/AF
chr12	11650294	A	G	GT:AD:AF:DP:F1R2:F2R1:FAD:PGT:PID:PS:SB	0|1:0,98:0.99:98:0,0:0,98:0,98:0|1:11650286_A_C:11650286:0,0,0,98/AF
chr12	11650344	T	TC	GT:AD:AF:DP:F1R2:F2R1:FAD:SB	0/1:27,22:0.453:49:1,0:25,22:27,22:1,26,0,22/AF
chr12	11838733	G	A	GT:AD:AF:DP:F1R2:F2R1:FAD:SB	0/1:0,11:0.925:11:0,11:0,0:0,11:0,0,11,0/AF
chr12	11839234	G	A	GT:AD:AF:DP:F1R2:F2R1:FAD:SB	0/1:1,231:0.993:232:1,141:0,56:1,211:0,1,96,135/AF
chr12	11869164	A	T	GT:AD:AF:DP:F1R2:F2R1:FAD:SB	0/1:0,19:0.952:19:0,19:0,0:0,19:0,0,19,0/AF
chr12	11870089	C	G	GT:AD:AF:DP:F1R2:F2R1:FAD:SB	0/1:0,94:0.99:94:0,0:0,94:0,94:0,0,1,93/AF
chr12	22658833	A	G	GT:AD:AF:DP:F1R2:F2R1:FAD:SB	0/1:36,34:0.486:70:36,34:0,0:36,34:36,0,34,0/AF
chr12	22659421	T	G	GT:AD:AF:DP:F1R2:F2R1:FAD:SB	0/1:0,73:0.987:73:0,0:0,73:0,73:0,0,0,73/AF
chr12	25225092	G	A	GT:AD:AF:DP:F1R2:F2R1:FAD:SB	0/1:0,15:0.941:15:0,15:0,0:0,15:0,0,15,0/AF
chr12	25226703	T	C	GT:AD:AF:DP:F1R2:F2R1:FAD:SB	0/1:0,18:0.95:18:0,18:0,0:0,18:0,0,18,0/AF
chr12	25226859	C	T	GT:AD:AF:DP:F1R2:F2R1:FAD:SB	0/1:0,47:0.98:47:0,47:0,0:0,47:0,0,47,0/AF
chr12	111418689	T	C	GT:AD:AF:DP:F1R2:F2R1:FAD:SB	0/1:427,32:0.071:459:137,13:206,2:411,32:157,270,1,31/AF
chr12	112477532	GT	G	GT:AD:AF:DP:F1R2:F2R1:FAD:SB	0/1:22,5:0.204:27:22,5:0,0:22,5:22,0,5,0/AF
chr12	112486292	A	C	GT:AD:AF:DP:F1R2:F2R1:FAD:SB	0/1:28,18:0.362:46:5,0:0,0:28,18:28,0,18,0/AF
chr13	18212100	A	T	GT:AD:AF:DP:F1R2:F2R1:FAD:SB	0/1:7,9:0.558:16:2,4:3,3:6,8:3,4,6,3/AF
chr13	18212124	T	C	GT:AD:AF:DP:F1R2:F2R1:FAD:SB	0/1:15,2:0.176:17:7,1:5,1:13,2:8,7,2,0/AF
chr13	18212134	A	C	GT:AD:AF:DP:F1R2:F2R1:FAD:PGT:PID:PS:SB	0|1:12,3:0.267:15:5,2:5,1:10,3:0|1:18212134_A_C:18212134:8,4,2,1/AF
chr13	18212141	T	G	GT:AD:AF:DP:F1R2:F2R1:FAD:SB	0/1:8,7:0.4:15:4,3:3,2:8,5:6,2,4,3/AF
chr13	18212148	T	A	GT:AD:AF:DP:F1R2:F2R1:FAD:PGT:PID:PS:SB	1|0:7,8:0.479:15:3,4:4,2:7,6:1|0:18212134_A_C:18212134:5,2,5,3/AF
chr13	27728607	C	CTTA	GT:AD:AF:DP:F1R2:F2R1:FAD:PGT:PID:PS:SB	0|1:0,14:0.937:14:0,11:0,0:0,14:0|1:27728607_C_CTTA:27728607:0,0,0,14/AF
chr13	27728609	C	G	GT:AD:AF:DP:F1R2:F2R1:FAD:PGT:PID:PS:SB	0|1:0,14:0.937:14:0,11:0,0:0,14:0|1:27728607_C_CTTA:27728607:0,0,0,14/AF
chr13	28015358	C	G	GT:AD:AF:DP:F1R2:F2R1:FAD:PGT:PID:PS:SB	0|1:0,31:0.97:31:0,29:0,1:0,31:0|1:28015358_C_G:28015358:0,0,30,1/AF
chr13	28015372	C	T	GT:AD:AF:DP:F1R2:F2R1:FAD:PGT:PID:PS:SB	0|1:0,26:0.964:26:0,24:0,0:0,26:0|1:28015358_C_G:28015358:0,0,25,1/AF
chr13	28015525	C	G	GT:AD:AF:DP:F1R2:F2R1:FAD:SB	0/1:0,67:0.986:67:0,67:0,0:0,67:0,0,67,0/AF
chr13	28016121	T	C	GT:AD:AF:DP:F1R2:F2R1:FAD:SB	0/1:0,17:0.947:17:0,0:0,17:0,17:0,0,0,17/AF
chr13	28018409	T	C	GT:AD:AF:DP:F1R2:F2R1:FAD:SB	0/1:1,181:0.989:182:1,91:0,87:1,178:1,0,150,31/AF
chr13	28018990	G	A	GT:AD:AF:DP:F1R2:F2R1:FAD:SB	0/1:12,10:0.458:22:1,0:11,10:12,10:1,11,0,10/AF
chr13	28023050	C	T	GT:AD:AF:DP:F1R2:F2R1:FAD:SB	0/1:21,28:0.569:49:21,28:0,0:21,28:21,0,28,0/AF
chr13	28027514	T	C	GT:AD:AF:DP:F1R2:F2R1:FAD:SB	0/1:24,23:0.494:47:2,0:20,23:24,23:2,22,0,23/AF
chr13	28027857	G	A	GT:AD:AF:DP:F1R2:F2R1:FAD:SB	0/1:12,17:0.581:29:12,16:0,1:12,17:12,0,16,1/AF
chr13	28028089	AAGAG	A,AAG	GT:AD:AF:DP:F1R2:F2R1:FAD:SB	0/1/2:2,37,35:0.483,0.488:74:0,7,5:1,27,28:2,36,33:0,2,42,30/AF
chr13	28028119	C	T	GT:AD:AF:DP:F1R2:F2R1:FAD:SB	0/1:101,97:0.499:198:41,45:53,48:94,94:68,33,60,37/AF
chr13	28028467	T	C	GT:AD:AF:DP:F1R2:F2R1:FAD:SB	0/1:40,43:0.518:83:0,0:40,43:40,43:0,40,0,43/AF
chr13	28033380	T	C	GT:AD:AF:DP:F1R2:F2R1:FAD:SB	0/1:16,24:0.592:40:16,22:0,0:16,24:16,0,24,0/AF
chr13	28033412	C	T	GT:AD:AF:DP:F1R2:F2R1:FAD:SB	0/1:18,16:0.472:34:18,16:0,0:18,16:18,0,16,0/AF
chr13	28033573	G	C	GT:AD:AF:DP:F1R2:F2R1:FAD:SB	0/1:86,58:0.404:144:85,58:1,0:86,58:85,1,58,0/AF
chr13	28034322	T	C	GT:AD:AF:DP:F1R2:F2R1:FAD:SB	0/1:215,213:0.502:428:56,52:138,141:198,199:63,152,58,155/AF
chr13	28035676	GA	G,GAA	GT:AD:AF:DP:F1R2:F2R1:FAD:SB	0/1/2:135,58,39:0.24,0.161:232:100,40,25:20,6,2:135,58,39:1,134,0,97/AF
chr13	28036218	T	A	GT:AD:AF:DP:F1R2:F2R1:FAD:SB	0/1:24,31:0.571:55:0,0:20,31:24,31:0,24,0,31/AF
chr13	28036704	G	T	GT:AD:AF:DP:F1R2:F2R1:FAD:SB	0/1:38,30:0.444:68:36,30:1,0:38,30:37,1,30,0/AF
chr13	28036787	G	C	GT:AD:AF:DP:F1R2:F2R1:FAD:SB	0/1:16,15:0.488:31:14,15:1,0:16,15:15,1,15,0/AF
chr13	28037012	A	G	GT:AD:AF:DP:F1R2:F2R1:FAD:SB	0/1:107,97:0.474:204:107,94:0,0:107,97:107,0,97,0/AF
chr13	28037078	GT	G	GT:AD:AF:DP:F1R2:F2R1:FAD:SB	0/1:51,52:0.505:103:51,52:0,0:51,52:51,0,52,0/AF
chr13	28037532	C	T	GT:AD:AF:DP:F1R2:F2R1:FAD:SB	0/1:0,31:0.97:31:0,0:0,31:0,31:0,0,0,31/AF
chr13	28037573	A	G	GT:AD:AF:DP:F1R2:F2R1:FAD:SB	0/1:29,28:0.49:57:0,0:29,27:29,28:0,29,0,28/AF
chr13	28037601	G	A	GT:AD:AF:DP:F1R2:F2R1:FAD:SB	0/1:38,31:0.451:69:0,0:38,31:38,31:0,38,0,31/AF
chr13	28048219	G	A	GT:AD:AF:DP:F1R2:F2R1:FAD:SB	0/1:1,191:0.989:192:1,80:0,99:1,180:1,0,129,62/AF
chr13	28048320	C	T	GT:AD:AF:DP:F1R2:F2R1:FAD:SB	0/1:156,153:0.494:309:42,36:106,109:149,145:83,73,75,78/AF
chr13	28048787	G	A	GT:AD:AF:DP:F1R2:F2R1:FAD:SB	0/1:0,82:0.988:82:0,3:0,77:0,82:0,0,2,80/AF
chr13	28049043	A	T	GT:AD:AF:DP:F1R2:F2R1:FAD:SB	0/1:0,16:0.944:16:0,7:0,5:0,16:0,0,7,9/AF
chr13	28049801	GA	G,GAA	GT:AD:AF:DP:F1R2:F2R1:FAD:SB	0/1/2:174,39,13:0.178,0.057:226:121,32,11:23,1,0:159,37,12:31,143,3,49/AF
chr13	75192341	A	G	GT:AD:AF:DP:F1R2:F2R1:FAD:PGT:PID:PS:SB	0|1:15,8:0.364:23:0,0:13,7:13,7:0|1:75192341_A_G:75192341:13,2,7,1/AF
chr13	75192365	G	A	GT:AD:AF:DP:F1R2:F2R1:FAD:PGT:PID:PS:SB	0|1:15,9:0.364:24:0,0:13,7:13,7:0|1:75192341_A_G:75192341:13,2,7,2/AF
chr13	94264321	T	TTAG	GT:AD:AF:DP:F1R2:F2R1:FAD:PGT:PID:PS:SB	0|1:0,14:0.937:14:0,8:0,0:0,14:0|1:94264321_T_TTAG:94264321:0,0,0,14/AF
chr13	94264323	T	A	GT:AD:AF:DP:F1R2:F2R1:FAD:PGT:PID:PS:SB	0|1:0,14:0.937:14:0,8:0,0:0,14:0|1:94264321_T_TTAG:94264321:0,0,0,14/AF
chr14	99546430	G	C	GT:AD:AF:DP:F1R2:F2R1:FAD:SB	0/1:16,6:0.333:22:11,4:0,0:11,5:5,11,1,5/AF
chr14	104302812	G	A	GT:AD:AF:DP:F1R2:F2R1:FAD:SB	0/1:31,30:0.491:61:1,0:28,28:29,28:17,14,21,9/AF
chr14	104302886	C	T	GT:AD:AF:DP:F1R2:F2R1:FAD:SB	0/1:42,38:0.476:80:0,0:38,29:42,38:0,42,0,38/AF
chr14	104303305	G	A	GT:AD:AF:DP:F1R2:F2R1:FAD:SB	0/1:7,5:0.429:12:0,0:7,5:7,5:0,7,0,5/AF
chr15	39021201	C	G	GT:AD:AF:DP:F1R2:F2R1:FAD:SB	0/1:0,151:0.993:151:0,0:0,139:0,142:0,0,59,92/AF
chr15	49222870	C	G	GT:AD:AF:DP:F1R2:F2R1:FAD:SB	0/1:16,6:0.294:22:11,4:0,0:11,4:5,11,2,4/AF
chr15	52880495	G	C	GT:AD:AF:DP:F1R2:F2R1:FAD:SB	0/1:8,5:0.417:13:0,0:6,4:6,4:6,2,4,1/AF
chr15	66435259	G	C	GT:AD:AF:DP:F1R2:F2R1:FAD:SB	0/1:0,214:0.993:214:0,143:0,5:0,150:0,0,80,134/AF
chr15	66435351	A	ATT	GT:AD:AF:DP:F1R2:F2R1:FAD:SB	0/1:4,15:0.762:19:0,0:4,14:4,15:0,4,0,15/AF
chr15	66435617	T	C	GT:AD:AF:DP:F1R2:F2R1:FAD:SB	0/1:0,17:0.947:17:0,0:0,17:0,17:0,0,0,17/AF
chr15	74671933	A	AAGT	GT:AD:AF:DP:F1R2:F2R1:FAD:SB	0/1:0,20:0.954:20:0,11:0,0:0,20:0,0,0,20/AF
chr15	88514308	G	T	GT:AD:AF:DP:F1R2:F2R1:FAD:PGT:PID:PS:SB	0|1:0,43:0.978:43:0,43:0,0:0,43:0|1:88514308_G_T:88514308:0,0,0,43/AF
chr15	88514313	GG	TT	GT:AD:AF:DP:F1R2:F2R1:FAD:PGT:PID:PS:SB	0|1:0,43:0.978:43:0,43:0,0:0,43:0|1:88514308_G_T:88514308:0,0,0,43/AF
chr16	7184262	T	G	GT:AD:AF:DP:F1R2:F2R1:FAD:SB	0/1:7,10:0.579:17:0,0:7,10:7,10:0,7,0,10/AF
chr16	22981272	A	G	GT:AD:AF:DP:F1R2:F2R1:FAD:SB	0/1:23,2:0.111:25:23,2:0,0:23,2:23,0,2,0/AF
chr16	22981474	C	T	GT:AD:AF:DP:F1R2:F2R1:FAD:PGT:PID:PS:SB	0|1:23,24:0.51:47:23,24:0,0:23,24:0|1:22981474_C_T:22981474:23,0,24,0/AF
chr16	22981481	T	G	GT:AD:AF:DP:F1R2:F2R1:FAD:PGT:PID:PS:SB	0|1:22,23:0.511:45:22,23:0,0:22,23:0|1:22981474_C_T:22981474:22,0,23,0/AF
chr16	24572409	G	C	GT:AD:AF:DP:F1R2:F2R1:FAD:SB	0/1:28,10:0.248:38:0,0:11,1:28,10:0,28,0,10/AF
chr16	24572416	G	C	GT:AD:AF:DP:F1R2:F2R1:FAD:SB	0/1:29,11:0.257:40:0,0:12,1:29,11:0,29,0,11/AF
chr16	34582265	C	A	GT:AD:AF:DP:F1R2:F2R1:FAD:SB	0/1:0,12:0.916:12:0,3:0,6:0,10:0,0,5,7/AF
chr16	34582298	T	C	GT:AD:AF:DP:F1R2:F2R1:FAD:SB	0/1:0,12:0.917:12:0,3:0,7:0,10:0,0,5,7/AF
chr16	46386363	A	C	GT:AD:AF:DP:F1R2:F2R1:FAD:SB	0/1:1,12:0.889:13:0,4:0,6:1,10:1,0,7,5/AF
chr16	46390591	A	T	GT:AD:AF:DP:F1R2:F2R1:FAD:SB	0/1:0,21:0.954:21:0,5:0,15:0,21:0,0,13,8/AF
chr16	46394582	G	C	GT:AD:AF:DP:F1R2:F2R1:FAD:SB	0/1:0,15:0.933:15:0,10:0,2:0,13:0,0,10,5/AF
chr16	46394853	A	G	GT:AD:AF:DP:F1R2:F2R1:FAD:SB	0/1:2,20:0.899:22:0,10:1,9:2,20:2,0,13,7/AF
chr16	46394930	G	A	GT:AD:AF:DP:F1R2:F2R1:FAD:SB	0/1:0,16:0.946:16:0,7:0,8:0,16:0,0,7,9/AF
chr16	46394940	G	T	GT:AD:AF:DP:F1R2:F2R1:FAD:SB	0/1:0,17:0.948:17:0,8:0,9:0,17:0,0,7,10/AF
chr16	46398726	A	G	GT:AD:AF:DP:F1R2:F2R1:FAD:SB	0/1:1,10:0.833:11:1,5:0,4:1,9:0,1,8,2/AF
chr16	46400897	A	C	GT:AD:AF:DP:F1R2:F2R1:FAD:SB	0/1:0,11:0.923:11:0,4:0,7:0,11:0,0,8,3/AF
chr16	46401079	A	G	GT:AD:AF:DP:F1R2:F2R1:FAD:SB	0/1:0,14:0.933:14:0,6:0,6:0,13:0,0,7,7/AF
chr16	46401095	A	T	GT:AD:AF:DP:F1R2:F2R1:FAD:SB	0/1:0,14:0.929:14:0,6:0,5:0,12:0,0,6,8/AF
chr16	54002922	T	C	GT:AD:AF:DP:F1R2:F2R1:FAD:SB	0/1:3,10:0.692:13:3,8:0,0:3,8:0,3,2,8/AF
chr16	60741483	A	C	GT:AD:AF:DP:F1R2:F2R1:FAD:SB	0/1:12,15:0.55:27:7,10:0,0:8,10:4,8,5,10/AF
chr16	77983137	C	A	GT:AD:AF:DP:F1R2:F2R1:FAD:SB	0/1:0,146:0.993:146:0,0:0,127:0,132:0,0,41,105/AF
chr16	77983148	C	T	GT:AD:AF:DP:F1R2:F2R1:FAD:SB	0/1:0,72:0.986:72:0,0:0,65:0,69:0,0,38,34/AF
chr16	77983154	C	T	GT:AD:AF:DP:F1R2:F2R1:FAD:SB	0/1:0,139:0.992:139:0,0:0,124:0,127:0,0,40,99/AF
chr16	77983180	A	G	GT:AD:AF:DP:F1R2:F2R1:FAD:SB	0/1:0,89:0.989:89:0,0:0,89:0,89:0,0,0,89/AF
chr16	77983583	C	T	GT:AD:AF:DP:F1R2:F2R1:FAD:SB	0/1:0,11:0.925:11:0,0:0,11:0,11:0,0,0,11/AF
chr16	88594111	T	G	GT:AD:AF:DP:F1R2:F2R1:FAD:SB	0/1:1,10:0.848:11:1,8:0,0:1,10:0,1,0,10/AF
chr17	2019848	A	G	GT:AD:AF:DP:F1R2:F2R1:FAD:SB	0/1:0,13:0.933:13:0,9:0,0:0,13:0,0,0,13/AF
chr17	5824507	A	C	GT:AD:AF:DP:F1R2:F2R1:FAD:PGT:PID:PS:SB	0|1:0,12:0.929:12:0,9:0,0:0,12:0|1:5824507_A_C:5824507:0,0,0,12/AF
chr17	5824513	G	C	GT:AD:AF:DP:F1R2:F2R1:FAD:PGT:PID:PS:SB	0|1:0,12:0.929:12:0,8:0,0:0,12:0|1:5824507_A_C:5824507:0,0,0,12/AF
chr17	7672958	T	A	GT:AD:AF:DP:F1R2:F2R1:FAD:PGT:PID:PS:SB	1|0:0,13:0.933:13:0,9:0,0:0,13:1|0:7672957_AT_A:7672957:0,0,12,1/AF
chr17	7674089	A	C	GT:AD:AF:DP:F1R2:F2R1:FAD:SB	0/1:0,203:0.995:203:0,71:0,117:0,193:0,0,128,75/AF
chr17	7674109	G	A	GT:AD:AF:DP:F1R2:F2R1:FAD:SB	0/1:2,209:0.99:211:0,64:1,129:1,194:1,1,115,94/AF
chr17	7674360	CTT	C,CT	GT:AD:AF:DP:F1R2:F2R1:FAD:SB	0/1/2:5,7,5:0.398,0.308:17:0,0,0:4,6,4:5,7,5:0,5,0,12/AF
chr17	7674797	T	C	GT:AD:AF:DP:F1R2:F2R1:FAD:SB	0/1:0,43:0.978:43:0,41:0,2:0,43:0,0,41,2/AF
chr17	7675327	C	T	GT:AD:AF:DP:F1R2:F2R1:FAD:SB	0/1:0,103:0.99:103:0,46:0,54:0,103:0,0,46,57/AF
chr17	7675393	CTTTT	C,CT	GT:AD:AF:DP:F1R2:F2R1:FAD:SB	0/1/2:0,5,10:0.308,0.644:15:0,5,7:0,0,0:0,5,10:0,0,12,3/AF
chr17	7675519	A	G	GT:AD:AF:DP:F1R2:F2R1:FAD:SB	0/1:0,86:0.989:86:0,80:0,6:0,86:0,0,80,6/AF
chr17	7676325	CCCCCAGCCCTCCAGGT	C	GT:AD:AF:DP:F1R2:F2R1:FAD:SB	0/1:2,258:0.989:260:0,154:0,77:2,256:0,2,56,202/AF
chr17	31095103	A	C	GT:AD:AF:DP:F1R2:F2R1:FAD:SB	0/1:14,17:0.543:31:4,5:1,0:14,17:13,1,17,0/AF
chr17	31095115	A	C	GT:AD:AF:DP:F1R2:F2R1:FAD:SB	0/1:13,6:0.324:19:4,1:0,0:13,6:13,0,6,0/AF
chr17	31095118	G	C	GT:AD:AF:DP:F1R2:F2R1:FAD:SB	0/1:10,9:0.476:19:6,1:0,0:10,9:10,0,9,0/AF
chr17	31095124	T	G	GT:AD:AF:DP:F1R2:F2R1:FAD:SB	0/1:4,13:0.734:17:4,1:0,0:4,13:4,0,13,0/AF
chr17	31095843	A	T	GT:AD:AF:DP:F1R2:F2R1:FAD:SB	0/1:0,15:0.942:15:0,0:0,14:0,15:0,0,1,14/AF
chr17	31155683	C	T	GT:AD:AF:DP:F1R2:F2R1:FAD:SB	0/1:0,77:0.988:77:0,75:0,0:0,77:0,0,77,0/AF
chr17	31155860	G	A	GT:AD:AF:DP:F1R2:F2R1:FAD:SB	0/1:0,88:0.989:88:0,78:0,0:0,87:0,0,87,1/AF
chr17	31155959	GT	G,GTT	GT:AD:AF:DP:F1R2:F2R1:FAD:SB	0/1/2:71,28,6:0.256,0.063:105:24,7,3:46,20,2:71,27,6:50,21,26,8/AF
chr17	31155970	CT	C	GT:AD:AF:DP:F1R2:F2R1:FAD:SB	0/1:104,5:0.055:109:27,2:68,3:101,5:69,35,2,3/AF
chr17	31159134	G	A	GT:AD:AF:DP:F1R2:F2R1:FAD:SB	0/1:0,256:0.995:256:0,110:0,102:0,213:0,0,56,200/AF
chr17	31169468	A	G	GT:AD:AF:DP:F1R2:F2R1:FAD:SB	0/1:0,29:0.967:29:0,27:0,0:0,28:0,0,27,2/AF
chr17	31169801	C	T	GT:AD:AF:DP:F1R2:F2R1:FAD:SB	0/1:0,93:0.989:93:0,92:0,0:0,92:0,0,92,1/AF
chr17	31181757	G	A	GT:AD:AF:DP:F1R2:F2R1:FAD:SB	0/1:1,314:0.994:315:0,114:1,190:1,314:0,1,116,198/AF
chr17	31182773	C	T	GT:AD:AF:DP:F1R2:F2R1:FAD:PGT:PID:PS:SB	0|1:0,84:0.988:84:0,0:0,79:0,84:0|1:31182773_C_T:31182773:0,0,0,84/AF
chr17	31182783	G	T	GT:AD:AF:DP:F1R2:F2R1:FAD:PGT:PID:PS:SB	0|1:0,91:0.989:91:0,0:0,86:0,91:0|1:31182773_C_T:31182773:0,0,0,91/AF
chr17	31200138	GAA	G,GA	GT:AD:AF:DP:F1R2:F2R1:FAD:SB	0/1/2:24,5,8:0.141,0.226:37:24,5,8:0,0,0:24,5,8:24,0,13,0/AF
chr17	31200232	A	AT	GT:AD:AF:DP:F1R2:F2R1:FAD:SB	0/1:3,62:0.942:65:2,59:0,0:3,62:3,0,62,0/AF
chr17	31201307	GT	G	GT:AD:AF:DP:F1R2:F2R1:FAD:SB	0/1:129,19:0.13:148:50,10:67,9:129,19:50,79,10,9/AF
chr17	31205902	TA	T	GT:AD:AF:DP:F1R2:F2R1:FAD:SB	0/1:10,3:0.262:13:10,2:0,0:10,3:10,0,3,0/AF
chr17	31206667	CTTTTGAACAAAAATA	C	GT:AD:AF:DP:F1R2:F2R1:FAD:SB	0/1:0,22:0.958:22:0,0:0,22:0,22:0,0,0,22/AF
chr17	31206853	A	G	GT:AD:AF:DP:F1R2:F2R1:FAD:SB	0/1:0,15:0.941:15:0,0:0,15:0,15:0,0,0,15/AF
chr17	31213754	T	C	GT:AD:AF:DP:F1R2:F2R1:FAD:SB	0/1:12,2:0.187:14:12,2:0,0:12,2:12,0,2,0/AF
chr17	31214043	T	C	GT:AD:AF:DP:F1R2:F2R1:FAD:SB	0/1:0,82:0.988:82:0,82:0,0:0,82:0,0,82,0/AF
chr17	31214321	A	T	GT:AD:AF:DP:F1R2:F2R1:FAD:SB	0/1:0,117:0.992:117:0,116:0,0:0,117:0,0,117,0/AF
chr17	31214419	T	C	GT:AD:AF:DP:F1R2:F2R1:FAD:SB	0/1:0,17:0.949:17:0,17:0,0:0,17:0,0,17,0/AF
chr17	31218969	A	AT	GT:AD:AF:DP:F1R2:F2R1:FAD:SB	0/1:3,124:0.974:127:1,39:2,75:3,116:2,1,81,43/AF
chr17	31219157	T	C	GT:AD:AF:DP:F1R2:F2R1:FAD:SB	0/1:1,241:0.995:242:1,132:0,86:1,228:0,1,40,201/AF
chr17	31224955	A	G	GT:AD:AF:DP:F1R2:F2R1:FAD:SB	0/1:149,14:0.086:163:61,1:86,12:147,13:99,50,10,4/AF
chr17	31231082	CT	C	GT:AD:AF:DP:F1R2:F2R1:FAD:SB	0/1:177,39:0.17:216:115,29:46,2:174,36:33,144,3,36/AF
chr17	31231275	T	G	GT:AD:AF:DP:F1R2:F2R1:FAD:SB	0/1:0,70:0.986:70:0,4:0,65:0,70:0,0,4,66/AF
chr17	31236057	GTT	G,GT,GTTT	GT:AD:AF:DP:F1R2:F2R1:FAD:SB	0/1/2/3:101,54,75,35:0.192,0.284,0.133:265:54,38,49,16:9,6,6,3:100,52,73,33:8,93,7,157/AF
chr17	31248831	CTT	C,CT,CTTT	GT:AD:AF:DP:F1R2:F2R1:FAD:SB	0/1/2/3:12,4,10,5:0.128,0.312,0.176:31:12,4,10,5:0,0,0,0:12,4,10,5:12,0,18,1/AF
chr17	31260323	G	C	GT:AD:AF:DP:F1R2:F2R1:FAD:SB	0/1:147,92:0.386:239:55,40:89,50:144,90:80,67,57,35/AF
chr17	31262342	A	G	GT:AD:AF:DP:F1R2:F2R1:FAD:SB	0/1:0,23:0.961:23:0,0:0,22:0,23:0,0,0,23/AF
chr17	31325513	A	G	GT:AD:AF:DP:F1R2:F2R1:FAD:SB	0/1:0,50:0.981:50:0,49:0,0:0,50:0,0,50,0/AF
chr17	31326275	T	C	GT:AD:AF:DP:F1R2:F2R1:FAD:SB	0/1:1,318:0.994:319:1,152:0,111:1,267:0,1,98,220/AF
chr17	31327078	G	C	GT:AD:AF:DP:F1R2:F2R1:FAD:SB	0/1:0,16:0.944:16:0,16:0,0:0,16:0,0,16,0/AF
chr17	31327858	T	A	GT:AD:AF:DP:F1R2:F2R1:FAD:SB	0/1:1,213:0.992:214:1,155:0,22:1,183:0,1,107,106/AF
chr17	31327956	G	A	GT:AD:AF:DP:F1R2:F2R1:FAD:SB	0/1:0,307:0.997:307:0,149:0,130:0,303:0,0,14,293/AF
chr17	31328200	C	T	GT:AD:AF:DP:F1R2:F2R1:FAD:SB	0/1:0,87:0.989:87:0,0:0,87:0,87:0,0,0,87/AF
chr17	31336154	A	C	GT:AD:AF:DP:F1R2:F2R1:FAD:SB	0/1:1,277:0.993:278:1,202:0,72:1,275:1,0,248,29/AF
chr17	31337268	A	G	GT:AD:AF:DP:F1R2:F2R1:FAD:SB	0/1:356,4:0.014:360:148,1:195,3:346,4:187,169,1,3/AF
chr17	31340861	CA	C	GT:AD:AF:DP:F1R2:F2R1:FAD:SB	0/1:30,7:0.196:37:0,0:28,7:30,7:0,30,0,7/AF
chr17	31343172	C	G	GT:AD:AF:DP:F1R2:F2R1:FAD:SB	0/1:0,304:0.996:304:0,160:0,101:0,264:0,0,97,207/AF
chr17	31348655	C	A	GT:AD:AF:DP:F1R2:F2R1:FAD:SB	0/1:0,25:0.963:25:0,21:0,0:0,25:0,0,25,0/AF
chr17	31348726	T	TAA	GT:AD:AF:DP:F1R2:F2R1:FAD:SB	0/1:2,10:0.793:12:2,9:0,0:2,10:2,0,10,0/AF
chr17	31348797	AT	A	GT:AD:AF:DP:F1R2:F2R1:FAD:SB	0/1:7,4:0.387:11:7,4:0,0:7,4:7,0,4,0/AF
chr17	31348953	T	A	GT:AD:AF:DP:F1R2:F2R1:FAD:SB	0/1:0,82:0.988:82:0,82:0,0:0,82:0,0,82,0/AF
chr17	31351860	GT	G	GT:AD:AF:DP:F1R2:F2R1:FAD:SB	0/1:9,5:0.349:14:9,5:0,0:9,5:9,0,5,0/AF
chr17	31352228	G	A	GT:AD:AF:DP:F1R2:F2R1:FAD:SB	0/1:1,265:0.992:266:0,105:1,146:1,253:1,0,185,80/AF
chr17	31352438	AT	A	GT:AD:AF:DP:F1R2:F2R1:FAD:PGT:PID:PS:SB	0|1:178,18:0.08:196:122,13:36,0:175,15:0|1:31352438_AT_A:31352438:38,140,3,15/AF
chr17	31352453	TA	T	GT:AD:AF:DP:F1R2:F2R1:FAD:PGT:PID:PS:SB	1|0:199,14:0.056:213:128,11:51,0:197,13:1|0:31352438_AT_A:31352438:27,172,1,13/AF
chr17	31357535	C	T	GT:AD:AF:DP:F1R2:F2R1:FAD:SB	0/1:0,127:0.992:127:0,0:0,122:0,127:0,0,0,127/AF
chr17	39235912	T	TC	GT:AD:AF:DP:F1R2:F2R1:FAD:SB	0/1:0,14:0.939:14:0,9:0,0:0,14:0,0,0,14/AF
chr17	42322761	A	G	GT:AD:AF:DP:F1R2:F2R1:FAD:SB	0/1:36,2:0.075:38:16,0:20,2:36,2:16,20,0,2/AF
chr17	56368557	GGT	G	GT:AD:AF:DP:F1R2:F2R1:FAD:SB	0/1:20,3:0.143:23:14,2:1,0:17,2:4,16,1,2/AF
chr17	73723093	G	T	GT:AD:AF:DP:F1R2:F2R1:FAD:SB	0/1:14,11:0.478:25:11,8:0,0:11,10:3,11,1,10/AF
chr17	76735910	A	G	GT:AD:AF:DP:F1R2:F2R1:FAD:SB	0/1:22,2:0.116:24:20,2:0,0:22,2:22,0,2,0/AF
chr17	76736425	A	G	GT:AD:AF:DP:F1R2:F2R1:FAD:SB	0/1:0,291:0.996:291:0,179:0,52:0,235:0,0,106,185/AF
chr17	76737017	G	A	GT:AD:AF:DP:F1R2:F2R1:FAD:SB	0/1:3,478:0.996:481:3,248:0,146:3,402:0,3,224,254/AF
chr17	76737321	G	A	GT:AD:AF:DP:F1R2:F2R1:FAD:SB	0/1:94,94:0.485:188:60,55:24,25:85,80:40,54,39,55/AF
chr17	79425340	T	C	GT:AD:AF:DP:F1R2:F2R1:FAD:SB	0/1:4,7:0.559:11:3,4:0,0:3,4:1,3,3,4/AF
chr17	80337482	G	A	GT:AD:AF:DP:F1R2:F2R1:FAD:SB	0/1:7,6:0.467:13:2,3:0,0:7,6:0,7,0,6/AF
chr17	82503752	A	G	GT:AD:AF:DP:F1R2:F2R1:FAD:SB	0/1:0,11:0.923:11:0,11:0,0:0,11:0,0,11,0/AF
chr17	82503792	C	T	GT:AD:AF:DP:F1R2:F2R1:FAD:SB	0/1:8,11:0.571:19:8,11:0,0:8,11:8,0,11,0/AF
chr17	82504029	G	A	GT:AD:AF:DP:F1R2:F2R1:FAD:SB	0/1:51,41:0.447:92:31,26:20,15:51,41:50,1,41,0/AF
chr17	82504059	C	T	GT:AD:AF:DP:F1R2:F2R1:FAD:SB	0/1:24,22:0.479:46:24,21:0,1:24,22:24,0,21,1/AF
chr17	82504323	T	C	GT:AD:AF:DP:F1R2:F2R1:FAD:SB	0/1:6,9:0.589:15:0,0:6,9:6,9:0,6,0,9/AF
chr18	110345	G	A	GT:AD:AF:DP:F1R2:F2R1:FAD:SB	0/1:9,2:0.222:11:4,1:2,0:6,1:5,4,1,1/AF
chr18	14156599	C	T	GT:AD:AF:DP:F1R2:F2R1:FAD:SB	0/1:9,14:0.615:23:8,0:0,14:8,14:1,8,14,0/AF
chr18	14156611	C	G	GT:AD:AF:DP:F1R2:F2R1:FAD:SB	0/1:8,14:0.629:22:6,0:0,13:8,14:0,8,14,0/AF
chr18	14156634	C	T	GT:AD:AF:DP:F1R2:F2R1:FAD:PGT:PID:PS:SB	0|1:14,8:0.375:22:0,7:14,0:14,8:0|1:14156634_C_T:14156634:14,0,0,8/AF
chr18	14156640	G	A	GT:AD:AF:DP:F1R2:F2R1:FAD:PGT:PID:PS:SB	0|1:14,8:0.375:22:0,7:14,0:14,8:0|1:14156634_C_T:14156634:14,0,0,8/AF
chr18	14157060	A	C	GT:AD:AF:DP:F1R2:F2R1:FAD:PGT:PID:PS:SB	0|1:1,12:0.848:13:0,0:1,10:1,10:0|1:14157060_A_C:14157060:0,1,10,2/AF
chr18	14157066	A	G	GT:AD:AF:DP:F1R2:F2R1:FAD:PGT:PID:PS:SB	0|1:1,12:0.848:13:0,0:0,10:1,10:0|1:14157060_A_C:14157060:0,1,10,2/AF
chr18	53377991	G	A	GT:AD:AF:DP:F1R2:F2R1:FAD:SB	0/1:0,13:0.929:13:0,11:0,0:0,12:0,0,1,12/AF
chr18	53378044	T	C	GT:AD:AF:DP:F1R2:F2R1:FAD:PGT:PID:PS:SB	0|1:0,14:0.933:14:0,12:0,0:0,13:0|1:53378044_T_C:53378044:0,0,1,13/AF
chr18	53378056	G	T	GT:AD:AF:DP:F1R2:F2R1:FAD:PGT:PID:PS:SB	0|1:0,13:0.933:13:0,10:0,0:0,13:0|1:53378044_T_C:53378044:0,0,0,13/AF
chr18	53378060	C	A	GT:AD:AF:DP:F1R2:F2R1:FAD:PGT:PID:PS:SB	0|1:0,13:0.933:13:0,11:0,0:0,13:0|1:53378044_T_C:53378044:0,0,0,13/AF
chr18	53378065	G	T	GT:AD:AF:DP:F1R2:F2R1:FAD:PGT:PID:PS:SB	0|1:0,13:0.933:13:0,10:0,0:0,13:0|1:53378044_T_C:53378044:0,0,0,13/AF
chr18	74176575	TC	T	GT:AD:AF:DP:F1R2:F2R1:FAD:SB	0/1:13,3:0.22:16:0,0:12,3:13,3:13,0,3,0/AF
chr18	74176651	A	C	GT:AD:AF:DP:F1R2:F2R1:FAD:SB	0/1:0,20:0.941:20:0,0:0,15:0,15:0,0,14,6/AF
chr18	76793148	T	C	GT:AD:AF:DP:F1R2:F2R1:FAD:SB	0/1:8,10:0.55:18:6,7:0,0:8,10:0,8,0,10/AF
chr18	76793192	G	T	GT:AD:AF:DP:F1R2:F2R1:FAD:PGT:PID:PS:SB	0|1:0,18:0.95:18:0,13:0,0:0,18:0|1:76793192_G_T:76793192:0,0,0,18/AF
chr18	76793199	T	A	GT:AD:AF:DP:F1R2:F2R1:FAD:PGT:PID:PS:SB	0|1:0,18:0.95:18:0,13:0,0:0,18:0|1:76793192_G_T:76793192:0,0,0,18/AF
chr19	12943967	G	T	GT:AD:AF:DP:F1R2:F2R1:FAD:SB	0/1:0,339:0.996:339:0,168:0,88:0,260:0,0,99,240/AF
chr19	17837928	T	A	GT:AD:AF:DP:F1R2:F2R1:FAD:SB	0/1:11,2:0.2:13:11,2:0,0:11,2:11,0,2,0/AF
chr19	33301266	A	G	GT:AD:AF:DP:F1R2:F2R1:FAD:SB	0/1:221,3:0.018:224:173,1:37,2:218,3:209,12,2,1/AF
chr19	33301610	T	C	GT:AD:AF:DP:F1R2:F2R1:FAD:SB	0/1:265,19:0.071:284:47,15:182,1:235,17:92,173,3,16/AF
chr19	33301848	GGGC	G	GT:AD:AF:DP:F1R2:F2R1:FAD:SB	0/1:174,13:0.071:187:82,5:63,3:167,12:39,135,2,11/AF
chr19	33301960	G	C	GT:AD:AF:DP:F1R2:F2R1:FAD:SB	0/1:341,18:0.022:359:153,1:119,3:308,18:159,182,0,18/AF
chr19	39069167	A	C	GT:AD:AF:DP:F1R2:F2R1:FAD:SB	0/1:58,80:0.572:138:1,0:50,72:54,72:13,45,16,64/AF
chr19	44794671	A	G	GT:AD:AF:DP:F1R2:F2R1:FAD:SB	0/1:14,16:0.531:30:0,0:14,16:14,16:0,14,1,15/AF
chr19	47699957	C	CAAGA	GT:AD:AF:DP:F1R2:F2R1:FAD:SB	0/1:0,63:0.985:63:0,40:0,0:0,63:0,0,0,63/AF
chr19	55655513	T	G	GT:AD:AF:DP:F1R2:F2R1:FAD:SB	0/1:0,37:0.974:37:0,0:0,34:0,35:0,0,2,35/AF
chr19	55659385	C	T	GT:AD:AF:DP:F1R2:F2R1:FAD:SB	0/1:0,260:0.995:260:0,139:0,60:0,204:0,0,97,163/AF
chr19	55659405	G	A	GT:AD:AF:DP:F1R2:F2R1:FAD:SB	0/1:2,270:0.988:272:1,136:1,74:2,217:0,2,81,189/AF
chr19	55660412	A	C	GT:AD:AF:DP:F1R2:F2R1:FAD:SB	0/1:0,95:0.99:95:0,38:0,54:0,95:0,0,39,56/AF
chr19	55660532	G	C	GT:AD:AF:DP:F1R2:F2R1:FAD:SB	0/1:160,15:0.058:175:65,2:66,0:157,13:27,133,15,0/AF
chr19	55660534	G	C	GT:AD:AF:DP:F1R2:F2R1:FAD:SB	0/1:184,4:0.025:188:64,1:70,0:179,4:38,146,4,0/AF
chr19	55660546	G	C	GT:AD:AF:DP:F1R2:F2R1:FAD:SB	0/1:192,2:0.016:194:62,0:77,0:191,2:23,169,2,0/AF
chr19	55663783	G	A	GT:AD:AF:DP:F1R2:F2R1:FAD:SB	0/1:0,20:0.955:20:0,0:0,20:0,20:0,0,0,20/AF
chr19	55669366	T	C	GT:AD:AF:DP:F1R2:F2R1:FAD:SB	0/1:0,166:0.994:166:0,106:0,60:0,166:0,0,104,62/AF
chr19	55669602	C	T	GT:AD:AF:DP:F1R2:F2R1:FAD:SB	0/1:2,561:0.993:563:1,278:1,156:2,438:0,2,250,311/AF
chr19	55670042	T	C	GT:AD:AF:DP:F1R2:F2R1:FAD:SB	0/1:0,25:0.963:25:0,0:0,25:0,25:0,0,0,25/AF
chr19	55674044	T	C	GT:AD:AF:DP:F1R2:F2R1:FAD:SB	0/1:324,5:0.014:329:178,1:85,2:276,3:141,183,3,2/AF
chr19	55674123	G	GC	GT:AD:AF:DP:F1R2:F2R1:FAD:SB	0/1:234,13:0.05:247:157,8:17,1:205,12:37,197,2,11/AF
chr2	4192576	T	A	GT:AD:AF:DP:F1R2:F2R1:FAD:SB	0/1:0,32:0.971:32:0,0:0,30:0,32:0,0,32,0/AF
chr2	4192585	A	G	GT:AD:AF:DP:F1R2:F2R1:FAD:SB	0/1:2,30:0.912:32:0,0:2,30:2,30:2,0,30,0/AF
chr2	4192645	G	GA	GT:AD:AF:DP:F1R2:F2R1:FAD:SB	0/1:0,38:0.973:38:0,0:0,33:0,34:0,0,29,9/AF
chr2	9945593	G	A	GT:AD:AF:DP:F1R2:F2R1:FAD:SB	0/1:76,83:0.529:159:35,49:38,33:73,82:50,26,63,20/AF
chr2	9945657	G	A	GT:AD:AF:DP:F1R2:F2R1:FAD:SB	0/1:89,101:0.52:190:30,46:49,39:87,94:18,71,18,83/AF
chr2	25235510	G	A	GT:AD:AF:DP:F1R2:F2R1:FAD:SB	0/1:0,58:0.983:58:0,55:0,0:0,58:0,0,58,0/AF
chr2	25235677	C	T	GT:AD:AF:DP:F1R2:F2R1:FAD:SB	0/1:0,91:0.991:91:0,90:0,0:0,91:0,0,91,0/AF
chr2	25236067	CTT	C,CT,CTTT	GT:AD:AF:DP:F1R2:F2R1:FAD:SB	0/1/2/3:6,4,4,3:0.238,0.238,0.189:17:0,0,0,0:4,4,3,1:6,4,4,3:0,6,0,11/AF
chr2	25240614	G	A	GT:AD:AF:DP:F1R2:F2R1:FAD:SB	0/1:109,135:0.541:244:32,48:73,76:105,124:54,55,71,64/AF
chr2	25241002	C	T	GT:AD:AF:DP:F1R2:F2R1:FAD:SB	0/1:0,50:0.981:50:0,4:0,46:0,50:0,0,4,46/AF
chr2	25244019	G	T	GT:AD:AF:DP:F1R2:F2R1:FAD:SB	0/1:0,142:0.993:142:0,53:0,88:0,141:0,0,53,89/AF
chr2	25246311	T	C	GT:AD:AF:DP:F1R2:F2R1:FAD:SB	0/1:333,4:0.011:337:126,2:143,0:270,2:105,228,2,2/AF
chr2	25247044	C	T	GT:AD:AF:DP:F1R2:F2R1:FAD:SB	0/1:0,160:0.994:160:0,71:0,79:0,152:0,0,105,55/AF
chr2	25249915	C	T	GT:AD:AF:DP:F1R2:F2R1:FAD:SB	0/1:0,83:0.988:83:0,0:0,83:0,83:0,0,0,83/AF
chr2	25299601	C	A	GT:AD:AF:DP:F1R2:F2R1:FAD:SB	0/1:9,2:0.25:11:7,2:1,0:8,2:8,1,2,0/AF
chr2	25299926	G	A	GT:AD:AF:DP:F1R2:F2R1:FAD:SB	0/1:36,32:0.473:68:33,32:2,0:36,32:33,3,32,0/AF
chr2	25300327	T	C	GT:AD:AF:DP:F1R2:F2R1:FAD:SB	0/1:45,39:0.465:84:8,4:37,35:45,39:8,37,4,35/AF
chr2	39555655	G	C	GT:AD:AF:DP:F1R2:F2R1:FAD:SB	0/1:6,5:0.34:11:0,0:7,3:7,3:6,0,4,1/AF
chr2	43000517	A	G	GT:AD:AF:DP:F1R2:F2R1:FAD:SB	0/1:17,16:0.476:33:12,12:0,1:17,15:0,17,1,15/AF
chr2	48444539	G	A	GT:AD:AF:DP:F1R2:F2R1:FAD:SB	0/1:3,8:0.692:11:2,8:0,0:3,8:0,3,0,8/AF
chr2	56999669	C	A	GT:AD:AF:DP:F1R2:F2R1:FAD:PGT:PID:PS:SB	0|1:0,14:0.937:14:0,0:0,12:0,14:0|1:56999669_C_A:56999669:0,0,14,0/AF
chr2	56999678	C	A	GT:AD:AF:DP:F1R2:F2R1:FAD:PGT:PID:PS:SB	0|1:0,14:0.937:14:0,0:0,14:0,14:0|1:56999669_C_A:56999669:0,0,14,0/AF
chr2	56999684	G	C	GT:AD:AF:DP:F1R2:F2R1:FAD:PGT:PID:PS:SB	0|1:9,5:0.375:14:0,0:9,5:9,5:0|1:56999669_C_A:56999669:9,0,5,0/AF
chr2	61594477	G	GGGTT	GT:AD:AF:DP:F1R2:F2R1:FAD:PGT:PID:PS:SB	0|1:0,38:0.975:38:0,25:0,0:0,38:0|1:61594477_G_GGGTT:61594477:0,0,0,38/AF
chr2	61594481	T	TTTC	GT:AD:AF:DP:F1R2:F2R1:FAD:PGT:PID:PS:SB	0|1:0,38:0.975:38:0,25:0,0:0,38:0|1:61594477_G_GGGTT:61594477:0,0,0,38/AF
chr2	136114844	TA	T	GT:AD:AF:DP:F1R2:F2R1:FAD:SB	0/1:209,15:0.061:224:153,12:29,0:204,14:62,147,3,12/AF
chr2	136115514	G	A	GT:AD:AF:DP:F1R2:F2R1:FAD:SB	0/1:198,198:0.501:396:112,111:68,66:180,181:86,112,101,97/AF
chr2	136115979	A	T	GT:AD:AF:DP:F1R2:F2R1:FAD:SB	0/1:7,7:0.5:14:0,0:7,7:7,7:0,7,0,7/AF
chr2	136118204	T	G	GT:AD:AF:DP:F1R2:F2R1:FAD:PGT:PID:PS:SB	0|1:25,17:0.399:42:1,0:9,1:25,17:0|1:136118204_T_G:136118204:1,24,0,17/AF
chr2	136118207	G	C	GT:AD:AF:DP:F1R2:F2R1:FAD:PGT:PID:PS:SB	0|1:38,7:0.134:45:0,0:13,1:38,7:0|1:136118204_T_G:136118204:1,37,0,7/AF
chr2	141416835	T	TAG	GT:AD:AF:DP:F1R2:F2R1:FAD:PGT:PID:PS:SB	0|1:0,15:0.941:15:0,8:0,0:0,15:0|1:141416835_T_TAG:141416835:0,0,0,15/AF
chr2	141416838	C	G	GT:AD:AF:DP:F1R2:F2R1:FAD:PGT:PID:PS:SB	0|1:0,15:0.941:15:0,8:0,0:0,15:0|1:141416835_T_TAG:141416835:0,0,0,15/AF
chr2	144262949	T	G	GT:AD:AF:DP:F1R2:F2R1:FAD:SB	0/1:0,61:0.984:61:0,60:0,0:0,61:0,0,57,4/AF
chr2	184335529	C	CTTAG	GT:AD:AF:DP:F1R2:F2R1:FAD:PGT:PID:PS:SB	0|1:0,14:0.939:14:0,12:0,0:0,14:0|1:184335529_C_CTTAG:184335529:0,0,0,14/AF
chr2	184335531	T	A	GT:AD:AF:DP:F1R2:F2R1:FAD:PGT:PID:PS:SB	0|1:0,14:0.939:14:0,12:0,0:0,14:0|1:184335529_C_CTTAG:184335529:0,0,0,14/AF
chr2	197399991	GA	G,GAA	GT:AD:AF:DP:F1R2:F2R1:FAD:SB	0/1/2:152,20,9:0.111,0.05:181:43,9,5:101,10,4:145,19,9:112,40,22,7/AF
chr2	197400621	T	C	GT:AD:AF:DP:F1R2:F2R1:FAD:PGT:PID:PS:SB	0|1:295,5:0.021:300:38,2:237,3:279,5:0|1:197400621_T_C:197400621:126,169,4,1/AF
chr2	197400626	T	C	GT:AD:AF:DP:F1R2:F2R1:FAD:PGT:PID:PS:SB	0|1:0,307:0.997:307:0,40:0,246:0,290:0|1:197400621_T_C:197400621:0,0,129,178/AF
chr2	197402219	C	T	GT:AD:AF:DP:F1R2:F2R1:FAD:SB	0/1:1,160:0.988:161:0,51:1,106:1,160:0,1,53,107/AF
chr2	208247827	G	A	GT:AD:AF:DP:F1R2:F2R1:FAD:SB	0/1:0,46:0.979:46:0,45:0,0:0,46:0,0,46,0/AF
chr2	208248324	GA	G,GAA	GT:AD:AF:DP:F1R2:F2R1:FAD:SB	0/1/2:266,73,36:0.19,0.091:375:163,53,20:63,9,5:255,71,33:124,142,29,80/AF
chr2	208249074	G	C	GT:AD:AF:DP:F1R2:F2R1:FAD:SB	0/1:0,49:0.98:49:0,0:0,48:0,49:0,0,0,49/AF
chr2	208251217	CT	C	GT:AD:AF:DP:F1R2:F2R1:FAD:SB	0/1:8,4:0.36:12:7,3:0,0:8,4:8,0,4,0/AF
chr2	208251575	GA	G,GAA	GT:AD:AF:DP:F1R2:F2R1:FAD:SB	0/1/2:31,13,8:0.246,0.16:52:13,5,5:15,7,3:31,13,8:14,17,10,11/AF
chr20	4265728	T	C	GT:AD:AF:DP:F1R2:F2R1:FAD:SB	0/1:0,12:0.928:12:0,10:0,0:0,12:0,0,0,12/AF
chr20	19465911	TGAGAAATGACATCTTTTAAAGCCCTC	T	GT:AD:AF:DP:F1R2:F2R1:FAD:SB	0/1:1,10:0.849:11:1,6:0,0:1,10:0,1,0,10/AF
chr20	22664505	C	T	GT:AD:AF:DP:F1R2:F2R1:FAD:SB	0/1:0,41:0.971:41:0,29:0,0:0,32:0,0,9,32/AF
chr20	29327661	C	T	GT:AD:AF:DP:F1R2:F2R1:FAD:SB	0/1:9,2:0.2:11:6,1:0,0:7,1:2,7,1,1/AF
chr20	32358859	C	G	GT:AD:AF:DP:F1R2:F2R1:FAD:SB	0/1:270,43:0.075:313:122,1:62,4:239,33:142,128,0,43/AF
chr20	32358868	C	G	GT:AD:AF:DP:F1R2:F2R1:FAD:SB	0/1:315,50:0.061:365:134,0:59,3:263,36:158,157,1,49/AF
chr20	32358949	CA	TG	GT:AD:AF:DP:F1R2:F2R1:FAD:PGT:PID:PS:SB	0|1:280,14:0.026:294:151,0:33,5:227,12:0|1:32358949_CA_TG:32358949:66,214,14,0/AF
chr20	32358952	C	CCCG	GT:AD:AF:DP:F1R2:F2R1:FAD:PGT:PID:PS:SB	0|1:268,14:0.027:282:144,0:30,5:219,12:0|1:32358949_CA_TG:32358949:57,211,14,0/AF
chr20	32358955	CCT	C	GT:AD:AF:DP:F1R2:F2R1:FAD:PGT:PID:PS:SB	0|1:227,14:0.028:241:100,0:30,5:216,12:0|1:32358949_CA_TG:32358949:17,210,14,0/AF
chr20	32358961	A	AAG	GT:AD:AF:DP:F1R2:F2R1:FAD:PGT:PID:PS:SB	0|1:214,14:0.028:228:98,0:28,5:211,12:0|1:32358949_CA_TG:32358949:8,206,14,0/AF
chr20	32358964	ACGGGACAGCCCCGCAAGGCGAGGGGTGGGGAGCGCTCCGCCGG	A	GT:AD:AF:DP:F1R2:F2R1:FAD:PGT:PID:PS:SB	0|1:222,14:0.027:236:92,0:25,5:217,12:0|1:32358949_CA_TG:32358949:10,212,14,0/AF
chr20	32368305	G	A	GT:AD:AF:DP:F1R2:F2R1:FAD:SB	0/1:0,16:0.944:16:0,4:0,11:0,16:0,0,4,12/AF
chr20	32371901	A	G	GT:AD:AF:DP:F1R2:F2R1:FAD:SB	0/1:0,45:0.979:45:0,44:0,1:0,45:0,0,44,1/AF
chr20	32372684	G	T	GT:AD:AF:DP:F1R2:F2R1:FAD:SB	0/1:0,22:0.958:22:0,0:0,22:0,22:0,0,0,22/AF
chr20	32430021	C	T	GT:AD:AF:DP:F1R2:F2R1:FAD:SB	0/1:120,120:0.494:240:60,65:39,32:100,98:35,85,39,81/AF
chr20	32431221	C	T	GT:AD:AF:DP:F1R2:F2R1:FAD:SB	0/1:1,125:0.984:126:1,123:0,0:1,125:1,0,125,0/AF
chr20	52679513	CT	C	GT:AD:AF:DP:F1R2:F2R1:FAD:SB	0/1:92,4:0.055:96:0,0:79,4:84,4:42,50,3,1/AF
chr20	52679623	T	C	GT:AD:AF:DP:F1R2:F2R1:FAD:SB	0/1:47,50:0.515:97:0,0:47,50:47,50:0,47,0,50/AF
chr20	52679801	T	A	GT:AD:AF:DP:F1R2:F2R1:FAD:SB	0/1:42,48:0.533:90:0,0:42,48:42,48:0,42,0,48/AF
chr20	52680009	G	A	GT:AD:AF:DP:F1R2:F2R1:FAD:PGT:PID:PS:SB	0|1:20,12:0.382:32:0,0:20,12:20,12:0|1:52680009_G_A:52680009:0,20,0,12/AF
chr20	52680013	G	A	GT:AD:AF:DP:F1R2:F2R1:FAD:PGT:PID:PS:SB	0|1:20,12:0.382:32:0,0:20,12:20,12:0|1:52680009_G_A:52680009:0,20,0,12/AF
chr20	58910556	T	C	GT:AD:AF:DP:F1R2:F2R1:FAD:SB	0/1:8,15:0.64:23:0,0:8,15:8,15:0,8,0,15/AF
chr21	6486060	AT	A	GT:AD:AF:DP:F1R2:F2R1:FAD:SB	0/1:25,3:0.13:28:24,3:0,0:25,3:25,0,3,0/AF
chr21	25622697	G	T	GT:AD:AF:DP:F1R2:F2R1:FAD:SB	0/1:0,16:0.933:16:0,0:0,13:0,13:0,0,13,3/AF
chr21	34791965	T	C	GT:AD:AF:DP:F1R2:F2R1:FAD:SB	0/1:75,6:0.077:81:70,5:2,0:75,6:67,8,1,5/AF
chr21	34792108	G	T	GT:AD:AF:DP:F1R2:F2R1:FAD:SB	0/1:159,150:0.498:309:113,117:29,24:143,142:128,31,131,19/AF
chr21	34792272	A	T	GT:AD:AF:DP:F1R2:F2R1:FAD:SB	0/1:356,13:0.025:369:157,0:65,2:352,13:141,215,0,13/AF
chr21	34792275	CG	GG,GT	GT:AD:AF:DP:F1R2:F2R1:FAD:SB	0/1/2:331,25,4:0.055,0.013:360:150,0,0:53,3,1:327,25,4:132,199,1,28/AF
chr21	34792292	A	T	GT:AD:AF:DP:F1R2:F2R1:FAD:SB	0/1:166,26:0.113:192:66,0:61,4:162,26:106,60,0,26/AF
chr21	34792296	T	G	GT:AD:AF:DP:F1R2:F2R1:FAD:SB	0/1:178,10:0.038:188:58,0:63,2:174,10:100,78,0,10/AF
chr21	34792744	T	C	GT:AD:AF:DP:F1R2:F2R1:FAD:SB	0/1:0,146:0.993:146:0,1:0,145:0,146:0,0,1,145/AF
chr21	34799986	G	T	GT:AD:AF:DP:F1R2:F2R1:FAD:SB	0/1:4,9:0.663:13:0,0:4,8:4,9:0,4,0,9/AF
chr21	34821574	T	C	GT:AD:AF:DP:F1R2:F2R1:FAD:SB	0/1:0,40:0.977:40:0,40:0,0:0,40:0,0,40,0/AF
chr21	34821605	A	T	GT:AD:AF:DP:F1R2:F2R1:FAD:SB	0/1:168,11:0.053:179:59,1:86,6:151,9:76,92,9,2/AF
chr21	34834635	G	A	GT:AD:AF:DP:F1R2:F2R1:FAD:SB	0/1:0,294:0.996:294:0,159:0,54:0,229:0,0,104,190/AF
chr21	34859398	A	G	GT:AD:AF:DP:F1R2:F2R1:FAD:SB	0/1:141,14:0.078:155:98,1:36,10:141,11:129,12,9,5/AF
chr21	34859859	C	A	GT:AD:AF:DP:F1R2:F2R1:FAD:SB	0/1:32,39:0.547:71:0,0:32,38:32,39:0,32,0,39/AF
chr21	34880298	G	A	GT:AD:AF:DP:F1R2:F2R1:FAD:SB	0/1:45,59:0.566:104:45,59:0,0:45,59:45,0,59,0/AF
chr21	34880325	T	C	GT:AD:AF:DP:F1R2:F2R1:FAD:SB	0/1:35,48:0.576:83:35,48:0,0:35,48:35,0,48,0/AF
chr21	34880897	T	A	GT:AD:AF:DP:F1R2:F2R1:FAD:SB	0/1:50,49:0.495:99:0,0:49,49:50,49:0,50,0,49/AF
chr21	34886766	T	A	GT:AD:AF:DP:F1R2:F2R1:FAD:PGT:PID:PS:SB	0|1:273,10:0.021:283:86,0:116,0:257,10:0|1:34886766_T_A:34886766:192,81,10,0/AF
chr21	34886778	T	A	GT:AD:AF:DP:F1R2:F2R1:FAD:PGT:PID:PS:SB	0|1:276,4:0.016:280:99,0:124,0:258,4:0|1:34886766_T_A:34886766:184,92,4,0/AF
chr21	34893026	CTT	C,CT,CTTT,CTTTT	GT:AD:AF:DP:F1R2:F2R1:FAD:SB	0/1/2/3/4:107,37,71,28,7:0.139,0.285,0.12,0.032:250:68,28,49,16,4:22,3,9,2,1:104,36,69,28,7:22,85,7,136/AF
chr21	35048681	A	T	GT:AD:AF:DP:F1R2:F2R1:FAD:SB	0/1:43,41:0.488:84:43,41:0,0:43,41:43,0,41,0/AF
chr21	35048739	T	C	GT:AD:AF:DP:F1R2:F2R1:FAD:SB	0/1:42,46:0.522:88:42,46:0,0:42,46:42,0,46,0/AF
chr21	35048819	T	C	GT:AD:AF:DP:F1R2:F2R1:FAD:SB	0/1:70,72:0.515:142:13,17:53,54:67,71:38,32,35,37/AF
chr21	35049034	T	C	GT:AD:AF:DP:F1R2:F2R1:FAD:SB	0/1:33,53:0.615:86:0,0:32,53:33,53:0,33,0,53/AF
chr21	42186887	T	C	GT:AD:AF:DP:F1R2:F2R1:FAD:SB	0/1:36,55:0.604:91:35,55:0,0:36,55:36,0,55,0/AF
chr21	44899858	G	T	GT:AD:AF:DP:F1R2:F2R1:FAD:PGT:PID:PS:SB	0|1:0,15:0.941:15:0,11:0,0:0,15:0|1:44899858_G_T:44899858:0,0,0,15/AF
chr21	44899862	T	G	GT:AD:AF:DP:F1R2:F2R1:FAD:PGT:PID:PS:SB	0|1:0,15:0.941:15:0,10:0,0:0,15:0|1:44899858_G_T:44899858:0,0,0,15/AF
chr21	44899864	G	A	GT:AD:AF:DP:F1R2:F2R1:FAD:PGT:PID:PS:SB	0|1:0,15:0.941:15:0,11:0,0:0,15:0|1:44899858_G_T:44899858:0,0,0,15/AF
chr21	45156086	A	G	GT:AD:AF:DP:F1R2:F2R1:FAD:SB	0/1:0,17:0.909:17:0,0:0,9:0,9:0,0,9,8/AF
chr22	29254469	C	T	GT:AD:AF:DP:F1R2:F2R1:FAD:SB	0/1:0,19:0.933:19:0,0:0,13:0,13:0,0,13,6/AF
chr22	33163522	T	A	GT:AD:AF:DP:F1R2:F2R1:FAD:SB	0/1:0,112:0.991:112:0,0:0,104:0,105:0,0,44,68/AF
chr3	58003191	GG	AT	GT:AD:AF:DP:F1R2:F2R1:FAD:SB	0/1:0,14:0.937:14:0,14:0,0:0,14:0,0,0,14/AF
chr3	93470446	G	A	GT:AD:AF:DP:F1R2:F2R1:FAD:SB	0/1:1,110:0.99:111:1,60:0,42:1,103:1,0,59,51/AF
chr3	93470523	G	A	GT:AD:AF:DP:F1R2:F2R1:FAD:SB	0/1:10,217:0.955:227:4,105:4,78:9,195:4,6,110,107/AF
chr3	105719694	C	T	GT:AD:AF:DP:F1R2:F2R1:FAD:SB	0/1:0,46:0.979:46:0,46:0,0:0,46:0,0,46,0/AF
chr3	105719962	G	A	GT:AD:AF:DP:F1R2:F2R1:FAD:SB	0/1:0,99:0.99:99:0,98:0,0:0,99:0,0,99,0/AF
chr3	105720113	T	G	GT:AD:AF:DP:F1R2:F2R1:FAD:SB	0/1:0,186:0.995:186:0,98:0,85:0,184:0,0,147,39/AF
chr3	105720182	G	A	GT:AD:AF:DP:F1R2:F2R1:FAD:SB	0/1:2,208:0.992:210:2,105:0,87:2,206:0,2,37,171/AF
chr3	105720466	AT	A	GT:AD:AF:DP:F1R2:F2R1:FAD:SB	0/1:38,3:0.091:41:0,0:38,3:38,3:0,38,0,3/AF
chr3	105720467	T	A	GT:AD:AF:DP:F1R2:F2R1:FAD:SB	0/1:0,44:0.978:44:0,0:0,41:0,44:0,0,0,44/AF
chr3	105720499	G	A	GT:AD:AF:DP:F1R2:F2R1:FAD:SB	0/1:0,59:0.984:59:0,0:0,58:0,59:0,0,0,59/AF
chr3	105733907	C	T	GT:AD:AF:DP:F1R2:F2R1:FAD:SB	0/1:0,98:0.99:98:0,98:0,0:0,98:0,0,98,0/AF
chr3	105734190	A	G	GT:AD:AF:DP:F1R2:F2R1:FAD:SB	0/1:0,91:0.989:91:0,0:0,90:0,91:0,0,0,91/AF
chr3	105853270	C	T	GT:AD:AF:DP:F1R2:F2R1:FAD:SB	0/1:170,3:0.023:173:167,3:1,0:170,3:169,1,3,0/AF
chr3	128481616	T	C	GT:AD:AF:DP:F1R2:F2R1:FAD:SB	0/1:49,39:0.442:88:29,18:20,19:49,39:29,20,20,19/AF
chr3	128482170	A	C	GT:AD:AF:DP:F1R2:F2R1:FAD:SB	0/1:20,25:0.553:45:0,0:20,25:20,25:0,20,0,25/AF
chr3	128484163	G	T	GT:AD:AF:DP:F1R2:F2R1:FAD:SB	0/1:11,9:0.454:20:0,1:11,8:11,9:1,10,1,8/AF
chr3	128484192	A	G	GT:AD:AF:DP:F1R2:F2R1:FAD:SB	0/1:12,11:0.48:23:0,0:12,11:12,11:1,11,0,11/AF
chr3	128487017	G	C	GT:AD:AF:DP:F1R2:F2R1:FAD:SB	0/1:132,126:0.481:258:69,73:47,38:120,111:46,86,51,75/AF
chr3	157159985	G	C	GT:AD:AF:DP:F1R2:F2R1:FAD:SB	0/1:0,18:0.947:18:0,0:0,16:0,16:0,0,12,6/AF
chr3	157160437	C	T	GT:AD:AF:DP:F1R2:F2R1:FAD:SB	0/1:19,13:0.412:32:0,0:19,13:19,13:0,19,0,13/AF
chr3	162177131	G	T	GT:AD:AF:DP:F1R2:F2R1:FAD:PGT:PID:PS:SB	0|1:0,13:0.933:13:0,10:0,0:0,13:0|1:162177131_G_T:162177131:0,0,0,13/AF
chr3	162177138	G	T	GT:AD:AF:DP:F1R2:F2R1:FAD:PGT:PID:PS:SB	0|1:0,13:0.933:13:0,11:0,0:0,13:0|1:162177131_G_T:162177131:0,0,0,13/AF
chr3	162177141	G	T	GT:AD:AF:DP:F1R2:F2R1:FAD:PGT:PID:PS:SB	0|1:0,13:0.933:13:0,11:0,0:0,13:0|1:162177131_G_T:162177131:0,0,0,13/AF
chr3	162177143	G	A	GT:AD:AF:DP:F1R2:F2R1:FAD:PGT:PID:PS:SB	0|1:0,13:0.933:13:0,11:0,0:0,13:0|1:162177131_G_T:162177131:0,0,0,13/AF
chr3	177510430	A	C	GT:AD:AF:DP:F1R2:F2R1:FAD:PGT:PID:PS:SB	0|1:0,13:0.933:13:0,11:0,0:0,13:0|1:177510430_A_C:177510430:0,0,0,13/AF
chr3	177510432	TGAA	T	GT:AD:AF:DP:F1R2:F2R1:FAD:PGT:PID:PS:SB	0|1:0,13:0.933:13:0,10:0,0:0,13:0|1:177510430_A_C:177510430:0,0,0,13/AF
chr3	177510436	A	AGTT	GT:AD:AF:DP:F1R2:F2R1:FAD:PGT:PID:PS:SB	0|1:0,13:0.933:13:0,11:0,0:0,13:0|1:177510430_A_C:177510430:0,0,0,13/AF
chr4	7238890	C	A	GT:AD:AF:DP:F1R2:F2R1:FAD:SB	0/1:12,2:0.2:14:0,0:7,1:7,1:7,5,1,1/AF
chr4	9736916	G	T	GT:AD:AF:DP:F1R2:F2R1:FAD:PGT:PID:PS:SB	0|1:0,12:0.929:12:0,12:0,0:0,12:0|1:9736916_G_T:9736916:0,0,0,12/AF
chr4	9736920	T	C	GT:AD:AF:DP:F1R2:F2R1:FAD:PGT:PID:PS:SB	0|1:0,12:0.929:12:0,12:0,0:0,12:0|1:9736916_G_T:9736916:0,0,0,12/AF
chr4	24570308	T	C	GT:AD:AF:DP:F1R2:F2R1:FAD:SB	0/1:3,10:0.751:13:2,10:0,0:3,10:3,0,10,0/AF
chr4	24570997	C	G	GT:AD:AF:DP:F1R2:F2R1:FAD:SB	0/1:37,35:0.486:72:0,0:37,35:37,35:0,37,0,35/AF
chr4	49121061	T	A	GT:AD:AF:DP:F1R2:F2R1:FAD:SB	0/1:0,11:0.908:11:0,8:0,1:0,9:0,0,3,8/AF
chr4	54274888	A	G	GT:AD:AF:DP:F1R2:F2R1:FAD:SB	0/1:0,261:0.996:261:0,122:0,100:0,232:0,0,126,135/AF
chr4	54278280	T	C	GT:AD:AF:DP:F1R2:F2R1:FAD:SB	0/1:0,121:0.992:121:0,52:0,55:0,121:0,0,66,55/AF
chr4	54285544	C	A	GT:AD:AF:DP:F1R2:F2R1:FAD:SB	0/1:0,30:0.969:30:0,30:0,0:0,30:0,0,30,0/AF
chr4	54285791	T	TA	GT:AD:AF:DP:F1R2:F2R1:FAD:SB	0/1:0,44:0.979:44:0,44:0,0:0,44:0,0,44,0/AF
chr4	54286117	T	G	GT:AD:AF:DP:F1R2:F2R1:FAD:SB	0/1:0,75:0.987:75:0,0:0,75:0,75:0,0,2,73/AF
chr4	54286364	CT	C	GT:AD:AF:DP:F1R2:F2R1:FAD:SB	0/1:10,2:0.226:12:0,0:8,2:10,2:0,10,0,2/AF
chr4	54657771	G	A	GT:AD:AF:DP:F1R2:F2R1:FAD:SB	0/1:20,18:0.49:38:9,18:1,0:20,18:19,1,18,0/AF
chr4	54657810	A	T	GT:AD:AF:DP:F1R2:F2R1:FAD:SB	0/1:27,2:0.097:29:22,2:1,0:27,2:26,1,2,0/AF
chr4	54657834	C	G	GT:AD:AF:DP:F1R2:F2R1:FAD:SB	0/1:8,7:0.462:15:6,5:1,0:8,7:7,1,7,0/AF
chr4	54658137	T	C	GT:AD:AF:DP:F1R2:F2R1:FAD:SB	0/1:45,38:0.458:83:0,0:39,29:45,38:0,45,0,38/AF
chr4	54658366	C	G	GT:AD:AF:DP:F1R2:F2R1:FAD:SB	0/1:39,24:0.382:63:0,0:39,23:39,24:0,39,0,24/AF
chr4	54658566	G	T	GT:AD:AF:DP:F1R2:F2R1:FAD:SB	0/1:5,7:0.571:12:0,0:5,7:5,7:0,5,0,7/AF
chr4	54703693	AT	A	GT:AD:AF:DP:F1R2:F2R1:FAD:SB	0/1:118,9:0.065:127:33,2:80,6:115,8:73,45,4,5/AF
chr4	54725934	A	G	GT:AD:AF:DP:F1R2:F2R1:FAD:SB	0/1:166,3:0.023:169:103,2:62,1:166,3:146,20,3,0/AF
chr4	54733270	T	C	GT:AD:AF:DP:F1R2:F2R1:FAD:SB	0/1:0,219:0.995:219:0,1:0,217:0,218:0,0,1,218/AF
chr4	70998296	A	G	GT:AD:AF:DP:F1R2:F2R1:FAD:SB	0/1:0,40:0.977:40:0,0:0,40:0,40:0,0,0,40/AF
chr4	70998362	A	G	GT:AD:AF:DP:F1R2:F2R1:FAD:SB	0/1:0,94:0.99:94:0,1:0,91:0,94:0,0,1,93/AF
chr4	71021953	A	G	GT:AD:AF:DP:F1R2:F2R1:FAD:SB	0/1:0,55:0.982:55:0,54:0,0:0,55:0,0,55,0/AF
chr4	105233833	TATAGATAG	T	GT:AD:AF:DP:F1R2:F2R1:FAD:SB	0/1:5,10:0.662:15:5,10:0,0:5,10:5,0,10,0/AF
chr4	105235006	G	A	GT:AD:AF:DP:F1R2:F2R1:FAD:SB	0/1:242,228:0.495:470:136,129:90,90:226,222:103,139,107,121/AF
chr4	105240987	GT	G	GT:AD:AF:DP:F1R2:F2R1:FAD:SB	0/1:17,4:0.199:21:17,4:0,0:17,4:17,0,4,0/AF
chr4	105241765	A	G	GT:AD:AF:DP:F1R2:F2R1:FAD:SB	0/1:18,10:0.366:28:0,0:18,10:18,10:0,18,0,10/AF
chr4	105243127	T	G	GT:AD:AF:DP:F1R2:F2R1:FAD:SB	0/1:43,33:0.434:76:1,2:42,30:43,33:1,42,2,31/AF
chr4	105262317	T	C	GT:AD:AF:DP:F1R2:F2R1:FAD:SB	0/1:28,24:0.461:52:0,0:28,23:28,24:0,28,0,24/AF
chr4	105269069	C	T	GT:AD:AF:DP:F1R2:F2R1:FAD:SB	0/1:6,6:0.5:12:6,6:0,0:6,6:6,0,6,0/AF
chr4	105272177	T	C	GT:AD:AF:DP:F1R2:F2R1:FAD:SB	0/1:6,6:0.5:12:6,6:0,0:6,6:5,1,6,0/AF
chr4	105274935	C	T	GT:AD:AF:DP:F1R2:F2R1:FAD:SB	0/1:27,21:0.44:48:27,21:0,0:27,21:27,0,21,0/AF
chr4	105275794	A	G	GT:AD:AF:DP:F1R2:F2R1:FAD:SB	0/1:196,203:0.507:399:102,119:71,56:181,186:74,122,91,112/AF
chr4	152326991	C	T	GT:AD:AF:DP:F1R2:F2R1:FAD:SB	0/1:0,14:0.937:14:0,0:0,13:0,14:0,0,0,14/AF
chr4	152327994	T	C	GT:AD:AF:DP:F1R2:F2R1:FAD:SB	0/1:0,157:0.994:157:0,156:0,1:0,157:0,0,156,1/AF
chr4	152346816	A	G	GT:AD:AF:DP:F1R2:F2R1:FAD:SB	0/1:0,110:0.991:110:0,110:0,0:0,110:0,0,110,0/AF
chr4	168741979	T	C	GT:AD:AF:DP:F1R2:F2R1:FAD:SB	0/1:15,12:0.453:27:14,11:0,0:15,12:15,0,12,0/AF
chr4	168742013	T	G	GT:AD:AF:DP:F1R2:F2R1:FAD:SB	0/1:11,9:0.454:20:11,9:0,0:11,9:11,0,9,0/AF
chr4	168742224	G	A	GT:AD:AF:DP:F1R2:F2R1:FAD:SB	0/1:14,23:0.616:37:14,23:0,0:14,23:14,0,23,0/AF
chr4	168742464	T	G	GT:AD:AF:DP:F1R2:F2R1:FAD:SB	0/1:100,77:0.442:177:85,66:0,0:85,67:51,49,41,36/AF
chr5	49661561	TT	CC	GT:AD:AF:DP:F1R2:F2R1:FAD:SB	0/1:0,11:0.909:11:0,3:0,4:0,9:0,0,7,4/AF
chr5	82626877	T	C	GT:AD:AF:DP:F1R2:F2R1:FAD:PGT:PID:PS:SB	0|1:2,36:0.917:38:2,31:0,0:2,32:0|1:82626877_T_C:82626877:0,2,5,31/AF
chr5	82626886	A	T	GT:AD:AF:DP:F1R2:F2R1:FAD:PGT:PID:PS:SB	0|1:0,33:0.971:33:0,26:0,0:0,33:0|1:82626877_T_C:82626877:0,0,0,33/AF
chr5	82626898	G	T	GT:AD:AF:DP:F1R2:F2R1:FAD:PGT:PID:PS:SB	0|1:0,33:0.971:33:0,27:0,0:0,33:0|1:82626877_T_C:82626877:0,0,0,33/AF
chr5	106239126	G	T	GT:AD:AF:DP:F1R2:F2R1:FAD:SB	0/1:0,19:0.952:19:0,16:0,0:0,19:0,0,0,19/AF
chr5	111279068	T	C	GT:AD:AF:DP:F1R2:F2R1:FAD:SB	0/1:10,13:0.56:23:8,11:0,0:10,13:0,10,0,13/AF
chr5	111279084	C	CCTAGTTAA	GT:AD:AF:DP:F1R2:F2R1:FAD:SB	0/1:0,23:0.96:23:0,19:0,0:0,23:0,0,0,23/AF
chr5	137297649	G	A	GT:AD:AF:DP:F1R2:F2R1:FAD:SB	0/1:2,184:0.989:186:0,79:1,90:1,177:1,1,118,66/AF
chr5	138325745	T	C	GT:AD:AF:DP:F1R2:F2R1:FAD:SB	0/1:42,40:0.488:82:42,40:0,0:42,40:42,0,40,0/AF
chr5	138328991	A	G	GT:AD:AF:DP:F1R2:F2R1:FAD:SB	0/1:0,23:0.96:23:0,0:0,23:0,23:0,0,0,23/AF
chr5	138329634	G	A	GT:AD:AF:DP:F1R2:F2R1:FAD:SB	0/1:52,86:0.597:138:0,0:50,73:50,75:17,35,23,63/AF
chr5	138329773	C	G	GT:AD:AF:DP:F1R2:F2R1:FAD:SB	0/1:48,43:0.473:91:0,0:48,43:48,43:0,48,0,43/AF
chr5	138331823	T	C	GT:AD:AF:DP:F1R2:F2R1:FAD:SB	0/1:68,41:0.372:109:55,28:0,0:66,39:12,56,7,34/AF
chr5	138331892	CCG	C	GT:AD:AF:DP:F1R2:F2R1:FAD:SB	0/1:112,10:0.089:122:88,9:0,0:112,10:0,112,0,10/AF
chr5	150444153	CT	C	GT:AD:AF:DP:F1R2:F2R1:FAD:SB	0/1:15,21:0.58:36:15,19:0,1:15,21:15,0,20,1/AF
chr5	150446963	C	T	GT:AD:AF:DP:F1R2:F2R1:FAD:SB	0/1:117,103:0.469:220:76,66:0,0:77,68:43,74,41,62/AF
chr5	150447931	C	T	GT:AD:AF:DP:F1R2:F2R1:FAD:SB	0/1:36,37:0.504:73:0,0:36,35:36,37:0,36,0,37/AF
chr5	150449748	G	A	GT:AD:AF:DP:F1R2:F2R1:FAD:SB	0/1:37,38:0.5:75:30,29:0,0:30,30:7,30,8,30/AF
chr5	171410509	CTT	C,CT,CTTT	GT:AD:AF:DP:F1R2:F2R1:FAD:SB	0/1/2/3:83,13,48,14:0.08,0.294,0.09:158:19,1,6,0:60,11,39,14:79,12,45,14:65,18,50,25/AF
chr5	171410729	CT	C	GT:AD:AF:DP:F1R2:F2R1:FAD:SB	0/1:0,104:0.991:104:0,54:0,48:0,104:0,0,54,50/AF
chr5	171410896	A	G	GT:AD:AF:DP:F1R2:F2R1:FAD:SB	0/1:121,35:0.225:156:36,17:34,0:121,35:0,121,1,34/AF
chr5	171410958	A	T	GT:AD:AF:DP:F1R2:F2R1:FAD:SB	0/1:31,35:0.529:66:0,0:31,35:31,35:0,31,0,35/AF
chr5	177511680	C	T	GT:AD:AF:DP:F1R2:F2R1:FAD:SB	0/1:1,68:0.972:69:1,68:0,0:1,68:1,0,68,0/AF
chr5	177512050	T	C	GT:AD:AF:DP:F1R2:F2R1:FAD:SB	0/1:0,161:0.994:161:0,109:0,51:0,161:0,0,110,51/AF
chr5	177512687	C	T	GT:AD:AF:DP:F1R2:F2R1:FAD:SB	0/1:0,193:0.995:193:0,123:0,69:0,193:0,0,124,69/AF
chr5	177512734	A	G	GT:AD:AF:DP:F1R2:F2R1:FAD:SB	0/1:0,183:0.995:183:0,79:0,104:0,183:0,0,79,104/AF
chr5	177513870	G	C	GT:AD:AF:DP:F1R2:F2R1:FAD:SB	0/1:0,252:0.995:252:0,119:0,72:0,194:0,0,64,188/AF
chr5	177515391	GA	G	GT:AD:AF:DP:F1R2:F2R1:FAD:SB	0/1:18,8:0.316:26:2,2:11,6:18,8:3,15,2,6/AF
chr6	4361621	C	T	GT:AD:AF:DP:F1R2:F2R1:FAD:SB	0/1:0,16:0.941:16:0,0:0,15:0,15:0,0,15,1/AF
chr6	4361657	G	A	GT:AD:AF:DP:F1R2:F2R1:FAD:SB	0/1:0,16:0.935:16:0,0:0,13:0,13:0,0,13,3/AF
chr6	4361717	G	A	GT:AD:AF:DP:F1R2:F2R1:FAD:SB	0/1:0,19:0.93:19:0,0:0,12:0,12:0,0,11,8/AF
chr6	9436728	G	GA	GT:AD:AF:DP:F1R2:F2R1:FAD:PGT:PID:PS:SB	0|1:0,11:0.923:11:0,7:0,0:0,11:0|1:9436728_G_GA:9436728:0,0,0,11/AF
chr6	9436729	G	GT	GT:AD:AF:DP:F1R2:F2R1:FAD:PGT:PID:PS:SB	0|1:0,11:0.923:11:0,7:0,0:0,11:0|1:9436728_G_GA:9436728:0,0,0,11/AF
chr6	42307306	CA	C	GT:AD:AF:DP:F1R2:F2R1:FAD:PGT:PID:PS:SB	0|1:0,32:0.97:32:0,0:0,31:0,31:0|1:42307306_CA_C:42307306:0,0,29,3/AF
chr6	42307310	C	A	GT:AD:AF:DP:F1R2:F2R1:FAD:PGT:PID:PS:SB	0|1:0,32:0.97:32:0,0:0,30:0,31:0|1:42307306_CA_C:42307306:0,0,29,3/AF
chr6	44229004	G	A	GT:AD:AF:DP:F1R2:F2R1:FAD:SB	0/1:6,6:0.507:12:5,6:0,0:6,6:6,0,6,0/AF
chr6	44232588	A	C	GT:AD:AF:DP:F1R2:F2R1:FAD:SB	0/1:34,21:0.401:55:31,21:0,0:32,21:30,4,21,0/AF
chr6	44233216	A	G	GT:AD:AF:DP:F1R2:F2R1:FAD:SB	0/1:15,16:0.515:31:0,0:15,16:15,16:0,15,0,16/AF
chr6	44753961	T	C	GT:AD:AF:DP:F1R2:F2R1:FAD:SB	0/1:0,13:0.933:13:0,11:0,0:0,13:0,0,13,0/AF
chr6	44754029	G	A	GT:AD:AF:DP:F1R2:F2R1:FAD:SB	0/1:0,12:0.929:12:0,12:0,0:0,12:0,0,12,0/AF
chr6	44754279	T	G	GT:AD:AF:DP:F1R2:F2R1:FAD:PGT:PID:PS:SB	0|1:0,55:0.982:55:0,42:0,0:0,55:0|1:44754279_T_G:44754279:0,0,0,55/AF
chr6	44754282	G	C	GT:AD:AF:DP:F1R2:F2R1:FAD:PGT:PID:PS:SB	0|1:0,55:0.982:55:0,42:0,0:0,55:0|1:44754279_T_G:44754279:0,0,0,55/AF
chr6	44754287	G	C	GT:AD:AF:DP:F1R2:F2R1:FAD:PGT:PID:PS:SB	0|1:0,55:0.982:55:0,42:0,0:0,55:0|1:44754279_T_G:44754279:0,0,0,55/AF
chr6	44754292	G	GTTT	GT:AD:AF:DP:F1R2:F2R1:FAD:PGT:PID:PS:SB	0|1:0,55:0.982:55:0,42:0,0:0,55:0|1:44754279_T_G:44754279:0,0,0,55/AF
chr6	44754293	G	T	GT:AD:AF:DP:F1R2:F2R1:FAD:PGT:PID:PS:SB	0|1:0,55:0.982:55:0,43:0,0:0,55:0|1:44754279_T_G:44754279:0,0,0,55/AF
chr6	63457419	C	A	GT:AD:AF:DP:F1R2:F2R1:FAD:PGT:PID:PS:SB	0|1:1,13:0.867:14:1,0:0,12:1,12:0|1:63457419_C_A:63457419:1,0,12,1/AF
chr6	63457428	C	A	GT:AD:AF:DP:F1R2:F2R1:FAD:PGT:PID:PS:SB	0|1:1,14:0.867:15:1,0:0,12:1,12:0|1:63457419_C_A:63457419:1,0,12,2/AF
chr6	63457434	G	C	GT:AD:AF:DP:F1R2:F2R1:FAD:PGT:PID:PS:SB	0|1:6,9:0.533:15:1,0:5,7:6,7:0|1:63457419_C_A:63457419:6,0,7,2/AF
chr6	74535054	T	A	GT:AD:AF:DP:F1R2:F2R1:FAD:PGT:PID:PS:SB	0|1:0,30:0.969:30:0,27:0,0:0,30:0|1:74535054_T_A:74535054:0,0,0,30/AF
chr6	74535060	C	CTAGTTA	GT:AD:AF:DP:F1R2:F2R1:FAD:PGT:PID:PS:SB	0|1:0,30:0.969:30:0,27:0,0:0,30:0|1:74535054_T_A:74535054:0,0,0,30/AF
chr6	150697551	A	G	GT:AD:AF:DP:F1R2:F2R1:FAD:PGT:PID:PS:SB	0|1:0,11:0.923:11:0,8:0,0:0,11:0|1:150697551_A_G:150697551:0,0,0,11/AF
chr6	150697560	G	GT	GT:AD:AF:DP:F1R2:F2R1:FAD:PGT:PID:PS:SB	0|1:0,11:0.923:11:0,8:0,0:0,11:0|1:150697551_A_G:150697551:0,0,0,11/AF
chr6	152376571	C	T	GT:AD:AF:DP:F1R2:F2R1:FAD:SB	0/1:0,113:0.991:113:0,92:0,0:0,108:0,0,26,87/AF
chr6	160586160	T	C	GT:AD:AF:DP:F1R2:F2R1:FAD:SB	0/1:10,2:0.2:12:6,1:0,0:7,1:3,7,1,1/AF
chr6	162467804	CCT	C	GT:AD:AF:DP:F1R2:F2R1:FAD:SB	0/1:5,8:0.643:13:4,7:0,0:4,8:1,4,1,7/AF
chr6	162467912	T	A	GT:AD:AF:DP:F1R2:F2R1:FAD:PGT:PID:PS:SB	0|1:1,11:0.924:12:1,9:0,0:1,11:0|1:162467912_T_A:162467912:0,1,0,11/AF
chr6	162467927	T	TTC	GT:AD:AF:DP:F1R2:F2R1:FAD:PGT:PID:PS:SB	0|1:1,11:0.924:12:1,8:0,0:1,11:0|1:162467912_T_A:162467912:0,1,0,11/AF
chr6	169626055	T	TTAGGAG	GT:AD:AF:DP:F1R2:F2R1:FAD:SB	0/1:0,11:0.923:11:0,9:0,0:0,11:0,0,0,11/AF
chr7	50307801	T	TCA	GT:AD:AF:DP:F1R2:F2R1:FAD:SB	0/1:87,4:0.05:91:1,0:82,4:87,4:0,87,0,4/AF
chr7	50368079	T	G	GT:AD:AF:DP:F1R2:F2R1:FAD:SB	0/1:97,113:0.538:210:56,71:38,38:95,111:79,18,102,11/AF
chr7	50368335	A	G	GT:AD:AF:DP:F1R2:F2R1:FAD:SB	0/1:0,325:0.997:325:0,110:0,185:0,297:0,0,62,263/AF
chr7	50369130	T	A	GT:AD:AF:DP:F1R2:F2R1:FAD:SB	0/1:36,40:0.526:76:35,39:1,1:36,40:35,1,39,1/AF
chr7	50369250	A	G	GT:AD:AF:DP:F1R2:F2R1:FAD:SB	0/1:53,42:0.443:95:53,42:0,0:53,42:53,0,42,0/AF
chr7	50376327	C	T	GT:AD:AF:DP:F1R2:F2R1:FAD:SB	0/1:20,17:0.462:37:20,17:0,0:20,17:20,0,17,0/AF
chr7	50376483	GT	G	GT:AD:AF:DP:F1R2:F2R1:FAD:SB	0/1:25,4:0.158:29:25,4:0,0:25,4:25,0,4,0/AF
chr7	50382076	C	T	GT:AD:AF:DP:F1R2:F2R1:FAD:SB	0/1:8,6:0.437:14:8,6:0,0:8,6:8,0,6,0/AF
chr7	50382748	C	T	GT:AD:AF:DP:F1R2:F2R1:FAD:SB	0/1:158,143:0.48:301:71,61:48,48:120,111:42,116,35,108/AF
chr7	50386954	T	G	GT:AD:AF:DP:F1R2:F2R1:FAD:SB	0/1:30,24:0.446:54:30,24:0,0:30,24:30,0,24,0/AF
chr7	50387037	CA	TG	GT:AD:AF:DP:F1R2:F2R1:FAD:SB	0/1:15,5:0.273:20:15,5:0,0:15,5:15,0,5,0/AF
chr7	50387241	AT	A,ATT	GT:AD:AF:DP:F1R2:F2R1:FAD:SB	0/1/2:97,14,9:0.112,0.077:120:27,4,4:66,9,5:93,13,9:68,29,16,7/AF
chr7	50387776	A	G	GT:AD:AF:DP:F1R2:F2R1:FAD:SB	0/1:22,19:0.465:41:0,0:22,19:22,19:0,22,0,19/AF
chr7	50391890	TA	T,TAA	GT:AD:AF:DP:F1R2:F2R1:FAD:SB	0/1/2:150,12,8:0.073,0.055:170:92,9,3:27,2,2:132,11,8:21,129,1,19/AF
chr7	50395260	A	G	GT:AD:AF:DP:F1R2:F2R1:FAD:SB	0/1:9,6:0.412:15:9,6:0,0:9,6:9,0,6,0/AF
chr7	50395390	T	C	GT:AD:AF:DP:F1R2:F2R1:FAD:SB	0/1:23,34:0.593:57:23,34:0,0:23,34:23,0,34,0/AF
chr7	50395422	C	T	GT:AD:AF:DP:F1R2:F2R1:FAD:SB	0/1:0,49:0.981:49:0,49:0,0:0,49:0,0,49,0/AF
chr7	101815881	T	C	GT:AD:AF:DP:F1R2:F2R1:FAD:SB	0/1:0,48:0.98:48:0,47:0,1:0,48:0,0,47,1/AF
chr7	102028441	C	T	GT:AD:AF:DP:F1R2:F2R1:FAD:SB	0/1:0,20:0.955:20:0,1:0,19:0,20:0,0,1,19/AF
chr7	102028503	A	G	GT:AD:AF:DP:F1R2:F2R1:FAD:SB	0/1:0,36:0.974:36:0,0:0,35:0,36:0,0,0,36/AF
chr7	102070287	T	C	GT:AD:AF:DP:F1R2:F2R1:FAD:SB	0/1:0,178:0.994:178:0,68:0,101:0,170:0,0,115,63/AF
chr7	102070310	T	C	GT:AD:AF:DP:F1R2:F2R1:FAD:SB	0/1:0,237:0.995:237:0,93:0,113:0,215:0,0,97,140/AF
chr7	102070760	T	C	GT:AD:AF:DP:F1R2:F2R1:FAD:SB	0/1:0,22:0.958:22:0,0:0,22:0,22:0,0,0,22/AF
chr7	102097326	T	G	GT:AD:AF:DP:F1R2:F2R1:FAD:PGT:PID:PS:SB	0|1:35,30:0.455:65:35,28:0,1:35,29:0|1:102097326_T_G:102097326:35,0,29,1/AF
chr7	102097330	C	A	GT:AD:AF:DP:F1R2:F2R1:FAD:PGT:PID:PS:SB	0|1:35,30:0.455:65:35,28:0,1:35,29:0|1:102097326_T_G:102097326:35,0,29,1/AF
chr7	102097547	T	TC,TTC	GT:AD:AF:DP:F1R2:F2R1:FAD:SB	0/1/2:123,9,96:0.047,0.439:228:74,6,60:19,2,13:112,9,85:17,106,16,89/AF
chr7	102097709	AC	A	GT:AD:AF:DP:F1R2:F2R1:FAD:PGT:PID:PS:SB	0|1:21,17:0.45:38:0,0:20,16:21,17:0|1:102097709_AC_A:102097709:0,21,0,17/AF
chr7	102097713	C	T	GT:AD:AF:DP:F1R2:F2R1:FAD:PGT:PID:PS:SB	0|1:22,17:0.439:39:0,0:22,17:22,17:0|1:102097709_AC_A:102097709:0,22,0,17/AF
chr7	102097779	C	G	GT:AD:AF:DP:F1R2:F2R1:FAD:SB	0/1:37,36:0.493:73:0,0:37,36:37,36:0,37,0,36/AF
chr7	102104295	A	G	GT:AD:AF:DP:F1R2:F2R1:FAD:SB	0/1:51,44:0.458:95:22,24:29,19:51,43:41,10,35,9/AF
chr7	102104313	GT	G,GTT,GTTT	GT:AD:AF:DP:F1R2:F2R1:FAD:SB	0/1/2/3:36,21,26,7:0.224,0.296,0.078:90:11,6,8,4:24,14,18,3:36,20,26,7:24,12,33,21/AF
chr7	102104896	A	G	GT:AD:AF:DP:F1R2:F2R1:FAD:SB	0/1:8,6:0.437:14:0,0:8,6:8,6:0,8,0,6/AF
chr7	102111388	AT	A	GT:AD:AF:DP:F1R2:F2R1:FAD:SB	0/1:10,3:0.266:13:9,3:0,0:10,3:10,0,3,0/AF
chr7	102111585	T	C	GT:AD:AF:DP:F1R2:F2R1:FAD:SB	0/1:29,24:0.455:53:26,23:1,0:29,24:28,1,24,0/AF
chr7	102115050	C	G	GT:AD:AF:DP:F1R2:F2R1:FAD:SB	0/1:36,22:0.354:58:10,3:0,0:36,22:36,0,22,0/AF
chr7	102115304	G	A	GT:AD:AF:DP:F1R2:F2R1:FAD:SB	0/1:114,118:0.493:232:57,53:36,39:95,92:24,90,30,88/AF
chr7	102170804	G	A	GT:AD:AF:DP:F1R2:F2R1:FAD:SB	0/1:29,28:0.483:57:4,0:25,27:29,27:4,25,1,27/AF
chr7	102178706	G	GACCGGGACCACCTC	GT:AD:AF:DP:F1R2:F2R1:FAD:SB	0/1:181,16:0.085:197:93,11:27,0:181,16:1,180,0,16/AF
chr7	102194051	CT	C	GT:AD:AF:DP:F1R2:F2R1:FAD:SB	0/1:16,10:0.388:26:0,0:8,8:16,10:0,16,0,10/AF
chr7	102200256	AT	A	GT:AD:AF:DP:F1R2:F2R1:FAD:SB	0/1:28,9:0.255:37:0,0:27,9:28,9:0,28,0,9/AF
chr7	102200351	CT	C	GT:AD:AF:DP:F1R2:F2R1:FAD:SB	0/1:33,4:0.131:37:0,0:32,4:33,4:0,33,0,4/AF
chr7	102205510	G	A	GT:AD:AF:DP:F1R2:F2R1:FAD:SB	0/1:0,22:0.958:22:0,0:0,21:0,22:0,0,0,22/AF
chr7	102227319	A	G	GT:AD:AF:DP:F1R2:F2R1:FAD:SB	0/1:0,83:0.988:83:0,83:0,0:0,83:0,0,83,0/AF
chr7	102239733	GT	G	GT:AD:AF:DP:F1R2:F2R1:FAD:SB	0/1:9,4:0.333:13:0,0:9,4:9,4:0,9,0,4/AF
chr7	102248841	G	A	GT:AD:AF:DP:F1R2:F2R1:FAD:SB	0/1:143,180:0.548:323:92,123:22,14:117,142:91,52,108,72/AF
chr7	102249048	C	T	GT:AD:AF:DP:F1R2:F2R1:FAD:SB	0/1:0,64:0.986:64:0,50:0,14:0,64:0,0,51,13/AF
chr7	102249172	G	A	GT:AD:AF:DP:F1R2:F2R1:FAD:SB	0/1:105,110:0.511:215:51,48:44,46:105,110:6,99,4,106/AF
chr7	102273067	A	G	GT:AD:AF:DP:F1R2:F2R1:FAD:SB	0/1:4,13:0.735:17:4,12:0,0:4,13:4,0,13,0/AF
chr7	102273376	G	A	GT:AD:AF:DP:F1R2:F2R1:FAD:SB	0/1:52,68:0.571:120:29,44:22,24:51,68:51,1,67,1/AF
chr7	102273527	A	C	GT:AD:AF:DP:F1R2:F2R1:FAD:SB	0/1:75,72:0.491:147:54,54:12,8:75,72:2,73,2,70/AF
chr7	102274047	C	T	GT:AD:AF:DP:F1R2:F2R1:FAD:SB	0/1:16,12:0.433:28:16,12:0,0:16,12:16,0,12,0/AF
chr7	102274376	G	A	GT:AD:AF:DP:F1R2:F2R1:FAD:SB	0/1:92,99:0.536:191:60,69:1,1:62,72:39,53,38,61/AF
chr7	102274501	G	A	GT:AD:AF:DP:F1R2:F2R1:FAD:SB	0/1:31,27:0.467:58:0,0:31,27:31,27:0,31,0,27/AF
chr7	102275652	G	A	GT:AD:AF:DP:F1R2:F2R1:FAD:SB	0/1:15,13:0.467:28:0,0:15,13:15,13:0,15,0,13/AF
chr7	102280022	TC	T	GT:AD:AF:DP:F1R2:F2R1:FAD:SB	0/1:53,57:0.519:110:19,17:32,38:51,55:44,9,43,14/AF
chr7	102280201	T	C	GT:AD:AF:DP:F1R2:F2R1:FAD:SB	0/1:1,184:0.993:185:1,68:0,44:1,180:0,1,11,173/AF
chr7	102280246	T	C	GT:AD:AF:DP:F1R2:F2R1:FAD:SB	0/1:0,65:0.985:65:0,1:0,64:0,65:0,0,1,64/AF
chr7	102281662	CA	C	GT:AD:AF:DP:F1R2:F2R1:FAD:SB	0/1:12,3:0.232:15:12,3:0,0:12,3:12,0,3,0/AF
chr7	102282046	G	A	GT:AD:AF:DP:F1R2:F2R1:FAD:SB	0/1:18,21:0.525:39:1,0:17,18:18,20:1,17,1,20/AF
chr7	102282183	A	G	GT:AD:AF:DP:F1R2:F2R1:FAD:SB	0/1:14,13:0.483:27:1,0:13,13:14,13:1,13,0,13/AF
chr7	102282404	A	T	GT:AD:AF:DP:F1R2:F2R1:FAD:SB	0/1:5,11:0.664:16:4,10:1,0:5,11:4,1,11,0/AF
chr7	102282416	C	A	GT:AD:AF:DP:F1R2:F2R1:FAD:SB	0/1:4,10:0.688:14:3,10:1,0:4,10:3,1,10,0/AF
chr7	102282936	C	T	GT:AD:AF:DP:F1R2:F2R1:FAD:SB	0/1:24,40:0.619:64:6,8:18,30:24,40:6,18,10,30/AF
chr7	132251209	C	T	GT:AD:AF:DP:F1R2:F2R1:FAD:SB	0/1:0,23:0.95:23:0,0:0,18:0,18:0,0,18,5/AF
chr7	132251222	C	A	GT:AD:AF:DP:F1R2:F2R1:FAD:SB	0/1:19,5:0.201:24:0,0:14,3:15,3:15,4,3,2/AF
chr7	137345092	T	C	GT:AD:AF:DP:F1R2:F2R1:FAD:SB	0/1:0,62:0.985:62:0,0:0,60:0,62:0,0,60,2/AF
chr7	137345540	G	A	GT:AD:AF:DP:F1R2:F2R1:FAD:SB	0/1:0,20:0.955:20:0,0:0,20:0,20:0,0,0,20/AF
chr7	137345599	C	T	GT:AD:AF:DP:F1R2:F2R1:FAD:SB	0/1:0,34:0.972:34:0,0:0,34:0,34:0,0,0,34/AF
chr7	139371534	A	T	GT:AD:AF:DP:F1R2:F2R1:FAD:SB	0/1:48,10:0.153:58:0,0:12,0:48,10:0,48,0,10/AF
chr7	139371539	A	T	GT:AD:AF:DP:F1R2:F2R1:FAD:SB	0/1:59,6:0.093:65:0,0:11,0:59,6:0,59,0,6/AF
chr7	139399069	TTA	T	GT:AD:AF:DP:F1R2:F2R1:FAD:SB	0/1:12,2:0.186:14:0,0:12,2:12,2:0,12,0,2/AF
chr7	139409301	TA	T,TAA	GT:AD:AF:DP:F1R2:F2R1:FAD:SB	0/1/2:29,8,6:0.192,0.125:43:27,8,6:0,0,0:29,8,6:29,0,14,0/AF
chr7	139409313	CA	C	GT:AD:AF:DP:F1R2:F2R1:FAD:SB	0/1:26,7:0.208:33:23,7:0,0:26,7:26,0,7,0/AF
chr7	139409618	AAG	A	GT:AD:AF:DP:F1R2:F2R1:FAD:SB	0/1:213,34:0.143:247:141,31:51,0:207,34:67,146,1,33/AF
chr7	139412536	ATT	A,AT	GT:AD:AF:DP:F1R2:F2R1:FAD:SB	0/1/2:54,9,16:0.124,0.214:79:0,0,0:50,9,16:52,9,16:24,30,11,14/AF
chr7	139413009	C	A	GT:AD:AF:DP:F1R2:F2R1:FAD:SB	0/1:40,2:0.069:42:0,0:39,2:40,2:0,40,0,2/AF
chr7	140753225	C	G	GT:AD:AF:DP:F1R2:F2R1:FAD:SB	0/1:116,8:0.042:124:23,1:47,0:116,8:99,17,8,0/AF
chr7	140777193	CT	C,CTT	GT:AD:AF:DP:F1R2:F2R1:FAD:SB	0/1/2:16,9,7:0.269,0.218:32:1,0,1:14,8,5:16,9,7:1,15,1,15/AF
chr7	148807624	AG	A	GT:AD:AF:DP:F1R2:F2R1:FAD:SB	0/1:68,62:0.477:130:18,17:46,40:65,59:51,17,50,12/AF
chr7	148807762	A	AGACTT	GT:AD:AF:DP:F1R2:F2R1:FAD:SB	0/1:140,128:0.481:268:94,83:17,20:128,119:22,118,15,113/AF
chr7	148807814	TAAAA	T,TA	GT:AD:AF:DP:F1R2:F2R1:FAD:SB	0/1/2:17,6,8:0.196,0.267:31:0,0,0:13,5,6:17,6,8:0,17,0,14/AF
chr7	148808161	G	A	GT:AD:AF:DP:F1R2:F2R1:FAD:SB	0/1:14,17:0.545:31:0,0:12,17:14,17:0,14,0,17/AF
chr7	148808163	A	G	GT:AD:AF:DP:F1R2:F2R1:FAD:SB	0/1:6,9:0.589:15:0,0:6,9:6,9:0,6,0,9/AF
chr7	148808210	C	T	GT:AD:AF:DP:F1R2:F2R1:FAD:SB	0/1:0,22:0.958:22:0,1:0,21:0,22:0,0,1,21/AF
chr7	148808696	T	C	GT:AD:AF:DP:F1R2:F2R1:FAD:SB	0/1:29,17:0.375:46:29,17:0,0:29,17:29,0,17,0/AF
chr7	148808772	G	A	GT:AD:AF:DP:F1R2:F2R1:FAD:SB	0/1:29,28:0.492:57:29,28:0,0:29,28:29,0,28,0/AF
chr7	148808972	A	G	GT:AD:AF:DP:F1R2:F2R1:FAD:SB	0/1:0,141:0.993:141:0,141:0,0:0,141:0,0,141,0/AF
chr7	148809662	CAA	C,CA	GT:AD:AF:DP:F1R2:F2R1:FAD:SB	0/1/2:5,18,19:0.401,0.476:42:0,0,0:4,17,19:5,18,19:0,5,0,37/AF
chr7	148810492	G	C	GT:AD:AF:DP:F1R2:F2R1:FAD:SB	0/1:51,30:0.329:81:0,0:18,1:51,30:0,51,0,30/AF
chr7	148811389	A	G	GT:AD:AF:DP:F1R2:F2R1:FAD:SB	0/1:0,35:0.973:35:0,34:0,0:0,35:0,0,35,0/AF
chr7	148811741	A	G	GT:AD:AF:DP:F1R2:F2R1:FAD:SB	0/1:0,238:0.995:238:0,104:0,71:0,196:0,0,49,189/AF
chr7	148826208	GA	G	GT:AD:AF:DP:F1R2:F2R1:FAD:SB	0/1:18,6:0.235:24:17,6:0,0:18,6:18,0,6,0/AF
chr7	148827660	C	T	GT:AD:AF:DP:F1R2:F2R1:FAD:SB	0/1:19,33:0.629:52:0,0:19,32:19,33:0,19,0,33/AF
chr7	148830305	A	G	GT:AD:AF:DP:F1R2:F2R1:FAD:SB	0/1:0,19:0.953:19:0,0:0,19:0,19:0,0,0,19/AF
chr7	148846209	CT	C	GT:AD:AF:DP:F1R2:F2R1:FAD:SB	0/1:28,7:0.22:35:26,7:0,0:28,7:28,0,7,0/AF
chr7	148846433	A	G	GT:AD:AF:DP:F1R2:F2R1:FAD:SB	0/1:95,116:0.549:211:44,72:44,42:95,114:77,18,92,24/AF
chr7	148846491	G	C	GT:AD:AF:DP:F1R2:F2R1:FAD:SB	0/1:129,62:0.29:191:61,0:50,31:128,59:102,27,0,62/AF
chr7	148846601	TAA	T,TA,TAAA	GT:AD:AF:DP:F1R2:F2R1:FAD:SB	0/1/2/3:68,52,101,13:0.21,0.454,0.054:234:45,45,68,9:14,1,20,2:65,50,101,13:18,50,24,142/AF
chr7	148847211	T	G	GT:AD:AF:DP:F1R2:F2R1:FAD:SB	0/1:50,53:0.511:103:1,1:4,0:50,53:46,4,53,0/AF
chr7	148847827	T	C	GT:AD:AF:DP:F1R2:F2R1:FAD:SB	0/1:0,16:0.946:16:0,0:0,16:0,16:0,0,0,16/AF
chr8	5634503	G	A	GT:AD:AF:DP:F1R2:F2R1:FAD:PGT:PID:PS:SB	0|1:2,9:0.769:11:2,8:0,0:2,9:0|1:5634503_G_A:5634503:2,0,0,9/AF
chr8	5634516	G	GC	GT:AD:AF:DP:F1R2:F2R1:FAD:PGT:PID:PS:SB	0|1:2,9:0.769:11:2,8:0,0:2,9:0|1:5634503_G_A:5634503:2,0,0,9/AF
chr8	79845588	A	T	GT:AD:AF:DP:F1R2:F2R1:FAD:SB	0/1:0,21:0.95:21:0,16:0,0:0,18:0,0,3,18/AF
chr8	79845703	C	G	GT:AD:AF:DP:F1R2:F2R1:FAD:PGT:PID:PS:SB	0|1:7,11:0.579:18:5,9:0,0:7,10:0|1:79845703_C_G:79845703:0,7,1,10/AF
chr8	79845709	G	T	GT:AD:AF:DP:F1R2:F2R1:FAD:PGT:PID:PS:SB	0|1:0,18:0.947:18:0,14:0,0:0,17:0|1:79845703_C_G:79845703:0,0,1,17/AF
chr8	79845718	G	T	GT:AD:AF:DP:F1R2:F2R1:FAD:PGT:PID:PS:SB	0|1:0,17:0.947:17:0,13:0,0:0,17:0|1:79845703_C_G:79845703:0,0,0,17/AF
chr8	116847913	T	C	GT:AD:AF:DP:F1R2:F2R1:FAD:SB	0/1:39,34:0.465:73:0,0:39,33:39,34:0,39,0,34/AF
chr8	116848761	TA	T,TAA	GT:AD:AF:DP:F1R2:F2R1:FAD:SB	0/1/2:11,3,5:0.181,0.271:19:10,3,5:0,0,0:11,3,5:11,0,8,0/AF
chr8	116849277	T	C	GT:AD:AF:DP:F1R2:F2R1:FAD:SB	0/1:43,38:0.471:81:0,0:42,38:43,38:0,43,0,38/AF
chr8	116851126	A	AAAT	GT:AD:AF:DP:F1R2:F2R1:FAD:SB	0/1:20,16:0.447:36:0,0:20,15:20,16:0,20,0,16/AF
chr8	116851978	A	G	GT:AD:AF:DP:F1R2:F2R1:FAD:SB	0/1:136,132:0.502:268:86,90:43,41:130,131:108,28,108,24/AF
chr8	116852713	TAAA	T,TA,TAA,TAAAA,TAAAAA	GT:AD:AF:DP:F1R2:F2R1:FAD:SB	0/1/2/3/4/5:83,21,56,74,37,6:0.072,0.193,0.267,0.133,0.023:277:57,15,42,61,27,4:18,0,2,7,1,0:82,21,53,73,35,6:9,74,16,178/AF
chr8	116853086	AT	A	GT:AD:AF:DP:F1R2:F2R1:FAD:SB	0/1:8,5:0.4:13:0,0:6,5:8,5:0,8,0,5/AF
chr8	116854187	CT	C	GT:AD:AF:DP:F1R2:F2R1:FAD:SB	0/1:30,5:0.15:35:29,5:0,0:30,5:30,0,5,0/AF
chr8	116857002	AT	A	GT:AD:AF:DP:F1R2:F2R1:FAD:SB	0/1:18,21:0.54:39:0,1:16,20:18,21:1,17,1,20/AF
chr8	116857957	A	C	GT:AD:AF:DP:F1R2:F2R1:FAD:SB	0/1:12,8:0.409:20:3,0:9,8:12,8:3,9,0,8/AF
chr8	116858136	A	G	GT:AD:AF:DP:F1R2:F2R1:FAD:SB	0/1:48,60:0.554:108:47,56:1,3:48,60:47,1,55,5/AF
chr8	116866254	G	GT	GT:AD:AF:DP:F1R2:F2R1:FAD:SB	0/1:8,8:0.494:16:8,8:0,0:8,8:8,0,8,0/AF
chr8	116866948	GA	G	GT:AD:AF:DP:F1R2:F2R1:FAD:SB	0/1:48,8:0.155:56:0,0:45,8:48,8:0,48,0,8/AF
chr8	116867130	G	C	GT:AD:AF:DP:F1R2:F2R1:FAD:SB	0/1:38,42:0.522:80:0,0:38,40:38,42:0,38,0,42/AF
chr8	127737463	C	T	GT:AD:AF:DP:F1R2:F2R1:FAD:PGT:PID:PS:SB	0|1:0,13:0.933:13:0,11:0,0:0,13:0|1:127737463_C_T:127737463:0,0,0,13/AF
chr8	127737471	C	CACGGGTG	GT:AD:AF:DP:F1R2:F2R1:FAD:PGT:PID:PS:SB	0|1:0,13:0.933:13:0,11:0,0:0,13:0|1:127737463_C_T:127737463:0,0,0,13/AF
chr8	131196741	A	G	GT:AD:AF:DP:F1R2:F2R1:FAD:SB	0/1:9,2:0.222:11:0,0:6,1:6,1:6,3,1,1/AF
chr8	144243158	C	CAGA	GT:AD:AF:DP:F1R2:F2R1:FAD:SB	0/1:0,92:0.989:92:0,47:0,0:0,92:0,0,0,92/AF
chr9	5069837	G	A	GT:AD:AF:DP:F1R2:F2R1:FAD:SB	0/1:36,26:0.42:62:36,25:0,0:36,26:36,0,26,0/AF
chr9	5070227	ATTATC	A	GT:AD:AF:DP:F1R2:F2R1:FAD:SB	0/1:28,29:0.509:57:0,0:27,29:28,29:0,28,0,29/AF
chr9	5070401	A	G	GT:AD:AF:DP:F1R2:F2R1:FAD:SB	0/1:50,49:0.496:99:0,0:49,49:50,49:0,50,0,49/AF
chr9	5072182	C	T	GT:AD:AF:DP:F1R2:F2R1:FAD:SB	0/1:24,29:0.545:53:24,29:0,0:24,29:24,0,29,0/AF
chr9	5072798	T	C	GT:AD:AF:DP:F1R2:F2R1:FAD:SB	0/1:47,61:0.563:108:1,0:46,60:47,61:1,46,0,61/AF
chr9	5073289	G	A	GT:AD:AF:DP:F1R2:F2R1:FAD:SB	0/1:38,31:0.451:69:35,25:3,6:38,31:35,3,25,6/AF
chr9	5073681	CTT	C,CT	GT:AD:AF:DP:F1R2:F2R1:FAD:SB	0/1/2:148,9,30:0.045,0.162:187:39,5,14:61,2,15:144,9,31:61,87,14,25/AF
chr9	5074189	T	C	GT:AD:AF:DP:F1R2:F2R1:FAD:SB	0/1:24,17:0.42:41:0,0:23,17:24,17:0,24,0,17/AF
chr9	5076945	T	TA	GT:AD:AF:DP:F1R2:F2R1:FAD:SB	0/1:13,8:0.391:21:13,8:0,0:13,8:13,0,8,0/AF
chr9	5078117	T	C	GT:AD:AF:DP:F1R2:F2R1:FAD:SB	0/1:65,75:0.537:140:46,59:17,16:65,75:46,19,59,16/AF
chr9	5081259	AT	A,ATT	GT:AD:AF:DP:F1R2:F2R1:FAD:SB	0/1/2:5,3,6:0.209,0.426:14:4,3,5:0,0,0:5,3,6:5,0,9,0/AF
chr9	5081780	G	A	GT:AD:AF:DP:F1R2:F2R1:FAD:SB	0/1:127,146:0.528:273:58,60:65,77:124,139:77,50,89,57/AF
chr9	5082106	G	T	GT:AD:AF:DP:F1R2:F2R1:FAD:SB	0/1:48,36:0.43:84:0,0:48,36:48,36:0,48,0,36/AF
chr9	5082333	A	G	GT:AD:AF:DP:F1R2:F2R1:FAD:SB	0/1:8,11:0.571:19:0,0:8,11:8,11:0,8,0,11/AF
chr9	5089572	C	A	GT:AD:AF:DP:F1R2:F2R1:FAD:SB	0/1:88,5:0.054:93:38,0:0,0:88,5:88,0,5,0/AF
chr9	5089922	A	G	GT:AD:AF:DP:F1R2:F2R1:FAD:SB	0/1:419,6:0.014:425:233,2:102,2:341,4:130,289,2,4/AF
chr9	5090218	A	G	GT:AD:AF:DP:F1R2:F2R1:FAD:SB	0/1:268,4:0.019:272:100,2:160,2:260,4:158,110,3,1/AF
chr9	5090934	A	T	GT:AD:AF:DP:F1R2:F2R1:FAD:SB	0/1:60,76:0.559:136:27,27:32,49:60,76:55,5,73,3/AF
chr9	5090966	ATTG	A	GT:AD:AF:DP:F1R2:F2R1:FAD:SB	0/1:116,122:0.507:238:81,98:6,1:108,111:16,100,16,106/AF
chr9	5091045	CT	C,CTT,CTTT	GT:AD:AF:DP:F1R2:F2R1:FAD:SB	0/1/2/3:172,91,31,4:0.296,0.104,0.016:298:97,62,21,3:42,8,3,0:172,91,31,4:0,172,0,126/AF
chr9	5126453	AT	A	GT:AD:AF:DP:F1R2:F2R1:FAD:SB	0/1:241,39:0.144:280:164,26:43,6:222,38:50,191,4,35/AF
chr9	21968200	C	G	GT:AD:AF:DP:F1R2:F2R1:FAD:SB	0/1:112,102:0.489:214:60,49:28,35:89,85:60,52,50,52/AF
chr9	21975018	C	T	GT:AD:AF:DP:F1R2:F2R1:FAD:SB	0/1:35,38:0.521:73:0,0:33,38:35,38:1,34,0,38/AF
chr9	21978980	C	T	GT:AD:AF:DP:F1R2:F2R1:FAD:SB	0/1:9,9:0.5:18:9,9:0,0:9,9:9,0,9,0/AF
chr9	21979205	G	A	GT:AD:AF:DP:F1R2:F2R1:FAD:SB	0/1:37,35:0.493:72:36,35:0,0:36,35:36,1,35,0/AF
chr9	21981631	CT	C,CTT	GT:AD:AF:DP:F1R2:F2R1:FAD:SB	0/1/2:19,9,14:0.217,0.331:42:0,0,1:14,9,7:19,9,14:0,19,1,22/AF
chr9	21986848	T	A	GT:AD:AF:DP:F1R2:F2R1:FAD:SB	0/1:15,12:0.44:27:15,10:0,0:15,12:15,0,12,0/AF
chr9	22000248	T	C	GT:AD:AF:DP:F1R2:F2R1:FAD:SB	0/1:27,27:0.5:54:0,0:27,27:27,27:0,27,0,27/AF
chr9	22000842	G	A	GT:AD:AF:DP:F1R2:F2R1:FAD:SB	0/1:13,6:0.333:19:0,0:13,6:13,6:0,13,0,6/AF
chr9	33675631	A	C	GT:AD:AF:DP:F1R2:F2R1:FAD:SB	0/1:15,11:0.431:26:13,9:1,2:15,11:13,2,8,3/AF
chr9	33676096	C	G	GT:AD:AF:DP:F1R2:F2R1:FAD:SB	0/1:42,53:0.559:95:0,0:40,53:42,53:0,42,0,53/AF
chr9	130872347	C	T	GT:AD:AF:DP:F1R2:F2R1:FAD:SB	0/1:24,22:0.479:46:1,0:23,22:24,22:1,23,0,22/AF
chr9	130872696	A	G	GT:AD:AF:DP:F1R2:F2R1:FAD:SB	0/1:22,27:0.549:49:22,24:0,3:22,27:22,0,24,3/AF
chr9	130873116	C	T	GT:AD:AF:DP:F1R2:F2R1:FAD:SB	0/1:19,19:0.5:38:0,0:19,19:19,19:1,18,0,19/AF
chr9	130878833	T	C	GT:AD:AF:DP:F1R2:F2R1:FAD:SB	0/1:17,22:0.564:39:0,0:16,22:17,22:0,17,0,22/AF
chr9	130878939	G	A	GT:AD:AF:DP:F1R2:F2R1:FAD:SB	0/1:8,3:0.308:11:1,0:7,3:8,3:1,7,0,3/AF
chr9	130880367	T	C	GT:AD:AF:DP:F1R2:F2R1:FAD:SB	0/1:67,30:0.314:97:37,20:29,10:67,30:37,30,20,10/AF
chr9	134525459	A	G	GT:AD:AF:DP:F1R2:F2R1:FAD:PGT:PID:PS:SB	0|1:0,32:0.971:32:0,0:0,32:0,32:0|1:134525459_A_G:134525459:0,0,30,2/AF
chr9	134525462	G	T	GT:AD:AF:DP:F1R2:F2R1:FAD:PGT:PID:PS:SB	0|1:0,32:0.971:32:0,0:0,30:0,32:0|1:134525459_A_G:134525459:0,0,30,2/AF
chr9	134525538	A	C	GT:AD:AF:DP:F1R2:F2R1:FAD:SB	0/1:0,42:0.978:42:0,0:0,36:0,42:0,0,0,42/AF
chr9	136495945	C	T	GT:AD:AF:DP:F1R2:F2R1:FAD:SB	0/1:32,39:0.556:71:8,7:23,32:31,39:8,24,7,32/AF
chr9	136497184	G	A	GT:AD:AF:DP:F1R2:F2R1:FAD:SB	0/1:137,110:0.445:247:76,50:38,38:116,93:47,90,40,70/AF
chr9	136503690	A	G	GT:AD:AF:DP:F1R2:F2R1:FAD:SB	0/1:9,2:0.235:11:0,0:7,2:9,2:0,9,0,2/AF
chr9	136504618	G	A	GT:AD:AF:DP:F1R2:F2R1:FAD:SB	0/1:0,29:0.968:29:0,29:0,0:0,29:0,0,28,1/AF
chrX	15790672	T	C	GT:AD:AF:DP:F1R2:F2R1:FAD:SB	0/1:0,86:0.989:86:0,38:0,48:0,86:0,0,38,48/AF
chrX	15799840	A	G	GT:AD:AF:DP:F1R2:F2R1:FAD:SB	0/1:128,130:0.51:258:51,60:71,68:123,128:73,55,81,49/AF
chrX	15808039	CA	C	GT:AD:AF:DP:F1R2:F2R1:FAD:SB	0/1:20,7:0.275:27:19,7:0,0:20,7:19,1,7,0/AF
chrX	15808678	G	A	GT:AD:AF:DP:F1R2:F2R1:FAD:SB	0/1:22,17:0.439:39:4,2:18,15:22,17:3,19,2,15/AF
chrX	15809401	T	G	GT:AD:AF:DP:F1R2:F2R1:FAD:SB	0/1:62,49:0.444:111:0,0:60,49:62,49:0,62,0,49/AF
chrX	31217880	C	T	GT:AD:AF:DP:F1R2:F2R1:FAD:SB	0/1:68,62:0.474:130:0,0:66,60:67,60:26,42,21,41/AF
chrX	31218054	A	T	GT:AD:AF:DP:F1R2:F2R1:FAD:SB	0/1:57,36:0.386:93:0,0:57,34:57,36:0,57,0,36/AF
chrX	31218221	CTT	C,CT	GT:AD:AF:DP:F1R2:F2R1:FAD:SB	0/1/2:27,8,12:0.167,0.271:47:0,0,0:19,7,9:27,8,12:0,27,0,20/AF
chrX	40052806	C	T	GT:AD:AF:DP:F1R2:F2R1:FAD:SB	0/1:19,27:0.583:46:0,0:19,27:19,27:0,19,0,27/AF
chrX	40063106	A	G	GT:AD:AF:DP:F1R2:F2R1:FAD:SB	0/1:310,109:0.269:419:138,27:108,24:248,97:85,225,17,92/AF
chrX	40074086	A	G	GT:AD:AF:DP:F1R2:F2R1:FAD:SB	0/1:0,349:0.997:349:0,213:0,92:0,310:0,0,162,187/AF
chrX	44974596	C	A	GT:AD:AF:DP:F1R2:F2R1:FAD:SB	0/1:92,108:0.535:200:51,56:40,48:91,105:77,15,87,21/AF
chrX	45020080	T	C	GT:AD:AF:DP:F1R2:F2R1:FAD:SB	0/1:22,8:0.284:30:20,8:0,0:22,8:22,0,8,0/AF
chrX	45076679	CTTT	C,CT,CTT	GT:AD:AF:DP:F1R2:F2R1:FAD:SB	0/1/2/3:14,13,48,88:0.085,0.271,0.56:163:2,5,8,19:10,8,36,58:14,13,45,84:10,4,92,57/AF
chrX	45079318	G	A	GT:AD:AF:DP:F1R2:F2R1:FAD:SB	0/1:172,125:0.411:297:82,71:80,43:164,114:55,117,40,85/AF
chrX	45085473	C	A	GT:AD:AF:DP:F1R2:F2R1:FAD:SB	0/1:0,63:0.985:63:0,62:0,0:0,63:0,0,63,0/AF
chrX	53404809	A	G	GT:AD:AF:DP:F1R2:F2R1:FAD:SB	0/1:0,94:0.99:94:0,93:0,0:0,94:0,0,94,0/AF
chrX	53404835	A	T	GT:AD:AF:DP:F1R2:F2R1:FAD:SB	0/1:0,100:0.99:100:0,100:0,0:0,100:0,0,100,0/AF
chrX	120747125	C	T	GT:AD:AF:DP:F1R2:F2R1:FAD:SB	0/1:77,72:0.488:149:0,0:70,66:70,67:26,51,34,38/AF
chrX	120747359	A	C	GT:AD:AF:DP:F1R2:F2R1:FAD:SB	0/1:0,107:0.991:107:0,0:0,106:0,107:0,0,0,107/AF
chrX	124022136	C	T	GT:AD:AF:DP:F1R2:F2R1:FAD:SB	0/1:30,21:0.415:51:30,21:0,0:30,21:30,0,21,0/AF
chrX	124023252	G	A	GT:AD:AF:DP:F1R2:F2R1:FAD:SB	0/1:15,10:0.407:25:0,0:15,10:15,10:0,15,0,10/AF
chrX	124025522	G	C	GT:AD:AF:DP:F1R2:F2R1:FAD:SB	0/1:0,103:0.991:103:0,103:0,0:0,103:0,0,103,0/AF
chrX	124025624	T	C	GT:AD:AF:DP:F1R2:F2R1:FAD:SB	0/1:63,61:0.492:124:63,61:0,0:63,61:63,0,61,0/AF
chrX	124031535	G	T	GT:AD:AF:DP:F1R2:F2R1:FAD:SB	0/1:0,25:0.963:25:0,0:0,19:0,25:0,0,0,25/AF
chrX	124031551	G	GT	GT:AD:AF:DP:F1R2:F2R1:FAD:PGT:PID:PS:SB	0|1:10,4:0.31:14:0,0:10,3:10,4:0|1:124031551_G_GT:124031551:0,10,0,4/AF
chrX	124031552	TTTTTTTTG	T	GT:AD:AF:DP:F1R2:F2R1:FAD:PGT:PID:PS:SB	1|0:7,8:0.53:15:0,0:5,6:7,8:1|0:124031551_G_GT:124031551:0,7,0,8/AF
chrX	124043109	G	A	GT:AD:AF:DP:F1R2:F2R1:FAD:SB	0/1:17,18:0.511:35:1,3:15,13:17,18:1,16,3,15/AF
chrX	124046737	G	A	GT:AD:AF:DP:F1R2:F2R1:FAD:SB	0/1:33,24:0.421:57:32,23:1,0:33,24:32,1,24,0/AF
chrX	124046931	T	C	GT:AD:AF:DP:F1R2:F2R1:FAD:SB	0/1:44,50:0.531:94:44,50:0,0:44,50:44,0,50,0/AF
chrX	124047027	G	C	GT:AD:AF:DP:F1R2:F2R1:FAD:SB	0/1:45,55:0.548:100:45,54:0,0:45,55:45,0,55,0/AF
chrX	124047701	G	A	GT:AD:AF:DP:F1R2:F2R1:FAD:SB	0/1:98,116:0.542:214:0,0:97,116:98,116:0,98,0,116/AF
chrX	124048145	A	G	GT:AD:AF:DP:F1R2:F2R1:FAD:SB	0/1:0,60:0.984:60:0,1:0,57:0,60:0,0,1,59/AF
chrX	124055773	G	C	GT:AD:AF:DP:F1R2:F2R1:FAD:SB	0/1:25,22:0.467:47:25,21:0,0:25,22:25,0,22,0/AF
chrX	124055996	G	GT	GT:AD:AF:DP:F1R2:F2R1:FAD:SB	0/1:5,19:0.771:24:5,19:0,0:5,19:5,0,19,0/AF
chrX	124058072	A	G	GT:AD:AF:DP:F1R2:F2R1:FAD:SB	0/1:228,67:0.192:295:82,44:108,0:191,45:41,187,24,43/AF
chrX	124061185	A	C	GT:AD:AF:DP:F1R2:F2R1:FAD:SB	0/1:129,99:0.441:228:68,54:47,35:122,96:69,60,55,44/AF
chrX	124063707	T	C	GT:AD:AF:DP:F1R2:F2R1:FAD:SB	0/1:63,71:0.531:134:45,51:16,20:63,71:47,16,51,20/AF
chrX	124066632	ATTG	A	GT:AD:AF:DP:F1R2:F2R1:FAD:SB	0/1:36,35:0.495:71:0,0:34,35:36,35:0,36,0,35/AF
chrX	124066813	ATC	A	GT:AD:AF:DP:F1R2:F2R1:FAD:SB	0/1:9,18:0.655:27:0,0:9,17:9,18:0,9,0,18/AF
chrX	124067010	G	A	GT:AD:AF:DP:F1R2:F2R1:FAD:SB	0/1:0,18:0.95:18:0,0:0,18:0,18:0,0,0,18/AF
chrX	124068034	CAA	C,CA,CAAA	GT:AD:AF:DP:F1R2:F2R1:FAD:SB	0/1/2/3:7,7,11,3:0.227,0.39,0.126:28:7,7,11,3:0,0,0,0:7,7,11,3:7,0,21,0/AF
chrX	124068185	A	C	GT:AD:AF:DP:F1R2:F2R1:FAD:SB	0/1:86,75:0.466:161:86,73:0,2:86,75:86,0,73,2/AF
chrX	124070636	G	T	GT:AD:AF:DP:F1R2:F2R1:FAD:SB	0/1:21,20:0.488:41:21,20:0,0:21,20:21,0,20,0/AF
chrX	124078577	G	A	GT:AD:AF:DP:F1R2:F2R1:FAD:SB	0/1:9,11:0.545:20:0,0:9,11:9,11:0,9,0,11/AF
chrX	124081097	T	TC	GT:AD:AF:DP:F1R2:F2R1:FAD:SB	0/1:29,27:0.479:56:29,26:0,0:29,27:29,0,27,0/AF
chrX	124083017	G	A	GT:AD:AF:DP:F1R2:F2R1:FAD:SB	0/1:27,27:0.5:54:26,26:0,0:27,27:27,0,27,0/AF
chrX	124083206	T	G,TTG	GT:AD:AF:DP:F1R2:F2R1:FAD:SB	0/1/2:11,6,10:0.153,0.41:27:11,6,10:0,0,0:11,6,10:11,0,16,0/AF
chrX	124086156	G	GA	GT:AD:AF:DP:F1R2:F2R1:FAD:SB	0/1:5,17:0.753:22:5,16:0,0:5,17:5,0,17,0/AF
chrX	124093754	T	C	GT:AD:AF:DP:F1R2:F2R1:FAD:SB	0/1:36,39:0.521:75:35,39:0,0:36,39:36,0,39,0/AF
chrX	124094731	C	G	GT:AD:AF:DP:F1R2:F2R1:FAD:SB	0/1:26,19:0.423:45:9,6:17,12:26,19:9,17,7,12/AF
chrX	124094935	G	GT	GT:AD:AF:DP:F1R2:F2R1:FAD:SB	0/1:6,6:0.493:12:4,4:1,2:6,6:4,2,4,2/AF
chrX	130056242	C	T	GT:AD:AF:DP:F1R2:F2R1:FAD:SB	0/1:34,31:0.479:65:0,0:33,31:34,31:0,34,1,30/AF
chrX	134414644	GA	G	GT:AD:AF:DP:F1R2:F2R1:FAD:SB	0/1:38,10:0.223:48:36,10:2,0:38,10:36,2,10,0/AF
chrX	141793891	A	C	GT:AD:AF:DP:F1R2:F2R1:FAD:SB	0/1:113,126:0.536:239:88,103:1,0:90,104:53,60,62,64/AF
