CHROM	POS	REF	ALT	Effect	CLNSIG
chr10	16828998	C	A	missense_variant	-
chr10	16829008	A	T	missense_variant	-
chr10	27100268	T	C	missense_variant	-
chr10	87863959	G	A	missense_variant	-
chr10	87864103	CT	C	splice_acceptor_variant&splice_donor_variant&intron_variant	-
chr10	87864144	G	C	missense_variant	-
chr11	118436670	C	T	missense_variant	-
chr12	111418689	T	C	missense_variant	-
chr13	28048320	C	T	missense_variant	-
chr16	24572409	G	C	missense_variant	-
chr16	24572416	G	C	missense_variant	-
chr19	33301610	T	C	missense_variant	-
chr19	33301960	G	C	missense_variant	-
chr19	55660532	G	C	missense_variant	-
chr19	55660534	G	C	missense_variant	-
chr19	55660546	G	C	missense_variant	-
chr2	25246311	T	C	splice_acceptor_variant&intron_variant	-
chr20	32430021	C	T	missense_variant	-
chr21	34792272	A	T	missense_variant	-
chr21	34792275	CG	GG,GT	missense_variant	-
chr21	34792292	A	T	missense_variant	-
chr21	34792296	T	G	missense_variant	-
chr3	157159985	G	C	missense_variant	-
chr4	54725934	A	G	missense_variant	-
chr4	105235006	G	A	missense_variant	-
chr4	105275794	A	G	missense_variant	-
chr5	138329634	G	A	missense_variant	-
chr7	50368335	A	G	missense_variant	-
chr7	139409618	AAG	A	frameshift_variant	-
chr7	148846491	G	C	missense_variant	-
chr7	148847211	T	G	missense_variant	-
